word,cluster_label,stopword_type,reason
รู้คุณค่า,3,คำเชิงนามธรรม หรือ คำเชิงประเมินค่า (Abstract or Evaluative Terms),แสดงแนวคิด/ความคิดเห็น
พิธีกรรม,3,คำเฉพาะโดเมนที่พบบ่อยเกินไป (Domain-Specific Overuse),คำพื้นฐานในโดเมน ทำให้จำแนกต่ำ
สีทอง,2,คำที่มีความหมายกว้าง (Umbrella Terms),ใช้เป็นหมวดหมู่
ร้อนแรง,1,คำเชิงนามธรรม หรือ คำเชิงประเมินค่า (Abstract or Evaluative Terms),แสดงความรู้สึก/คุณค่า
มรดกภูมิปัญญาทางวัฒนธรรม,2,คำเฉพาะโดเมนที่พบบ่อยเกินไป (Domain-Specific Overuse),คำพื้นฐานในโดเมน ทำให้จำแนกต่ำ
ตามคำสั่ง,1,คำที่มีความหมายกว้าง (Umbrella Terms),ใช้เป็นหมวดหมู่
รื่นเริง,1,คำเชิงนามธรรม หรือ คำเชิงประเมินค่า (Abstract or Evaluative Terms),แสดงความรู้สึก/คุณค่า
การแสดง,0,คำเฉพาะโดเมนที่พบบ่อยเกินไป (Domain-Specific Overuse),คำพื้นฐานในโดเมน ทำให้จำแนกต่ำ
บริเวณ,0,คำที่มีความหมายกว้าง (Umbrella Terms),ใช้เป็นหมวดหมู่ทั่วไป
ความว่องไว,0,คำเชิงนามธรรม หรือ คำเชิงประเมินค่า (Abstract or Evaluative Terms),แสดงคุณค่า/ความคิดเห็น
หญิงสาว,1,คำที่มีความหมายกว้าง (Umbrella Terms),คำทั่วไป ไม่เฉพาะเจาะจง
สร้างสรรค์,1,คำเชิงนามธรรม หรือ คำเชิงประเมินค่า (Abstract or Evaluative Terms),แสดงคุณค่า/ความคิดเห็น
ศิลปะป้องกันตัว,1,คำเฉพาะโดเมนที่พบบ่อยเกินไป (Domain-Specific Overuse),คำพื้นฐานในโดเมน ทำให้จำแนกต่ำ
นางเอก,1,คำซ้ำซ้อน หรือ คำพ้องความหมาย (Redundant or Synonym),คำทั่วไปในบริบท ไม่เฉพาะเจาะจง
หลักปฏิบัติ,2,คำที่มีความหมายกว้าง (Umbrella Terms),ใช้เป็นหมวดหมู่ทั่วไป
ความเคารพ,3,คำเชิงนามธรรม หรือ คำเชิงประเมินค่า (Abstract or Evaluative Terms),แสดงคุณค่า/ความคิดเห็น
ชุมนุม,2,คำเฉพาะโดเมนที่พบบ่อยเกินไป (Domain-Specific Overuse),คำพื้นฐานในโดเมน ทำให้จำแนกต่ำ
สุรินทร์,2,คำเฉพาะโดเมนที่พบบ่อยเกินไป (Domain-Specific Overuse),คำทั่วไปในบริบท ไม่เฉพาะเจาะจง
อิริยาบถ,2,คำซ้ำซ้อน หรือ คำพ้องความหมาย (Redundant or Synonym),คำทั่วไปในบริบท ไม่เฉพาะเจาะจง
ความไพเราะ,3,คำเชิงนามธรรม หรือ คำเชิงประเมินค่า (Abstract or Evaluative Terms),แสดงคุณค่า/ความคิดเห็น
การแสดง,0,คำที่มีความหมายกว้าง (Umbrella Terms),คำทั่วไปที่ใช้เป็นหมวดหมู่
สมัยศรีวิชัย,0,คำที่มีความหมายกว้าง (Umbrella Terms),ไม่ชี้เฉพาะเจาะจง
พระราชพิธี,0,คำที่มีความหมายกว้าง (Umbrella Terms),คำทั่วไปที่ใช้เป็นหมวดหมู่
ชาวเขา,0,คำที่มีความหมายกว้าง (Umbrella Terms),ไม่ชี้เฉพาะเจาะจง
ระดับชาติ,0,คำที่มีความหมายกว้าง (Umbrella Terms),ไม่ชี้เฉพาะเจาะจง
รูปแบบ,0,คำที่มีความหมายกว้าง (Umbrella Terms),คำทั่วไปที่ใช้เป็นหมวดหมู่
ความประทับใจ,1,คำเชิงนามธรรม หรือ คำเชิงประเมินค่า (Abstract or Evaluative Terms),แสดงความรู้สึก/คุณค่า
ทางการ,1,คำเฉพาะโดเมนที่พบบ่อยเกินไป (Domain-Specific Overuse),คำทั่วไปในโดเมน ทำให้จำแนกต่ำ
ศิลปหัตถกรรม,1,คำเฉพาะโดเมนที่พบบ่อยเกินไป (Domain-Specific Overuse),คำทั่วไปในโดเมน ทำให้จำแนกต่ำ
ทางวัฒนธรรม,1,คำเฉพาะโดเมนที่พบบ่อยเกินไป (Domain-Specific Overuse),คำทั่วไปในโดเมน ทำให้จำแนกต่ำ
ไทยจิตรลดา,1,คำเฉพาะโดเมนที่พบบ่อยเกินไป (Domain-Specific Overuse),คำทั่วไปในโดเมน ทำให้จำแนกต่ำ
สายสืบ,2,คำเฉพาะโดเมนที่พบบ่อยเกินไป (Domain-Specific Overuse),คำทั่วไปในโดเมน ทำให้จำแนกต่ำ
ขับไล่,2,คำเฉพาะโดเมนที่พบบ่อยเกินไป (Domain-Specific Overuse),คำทั่วไปในโดเมน ทำให้จำแนกต่ำ
อาชีพ,2,คำเฉพาะโดเมนที่พบบ่อยเกินไป (Domain-Specific Overuse),คำทั่วไปในโดเมน ทำให้จำแนกต่ำ
อิเหนา,2,คำเฉพาะโดเมนที่พบบ่อยเกินไป (Domain-Specific Overuse),คำทั่วไปในโดเมน ทำให้จำแนกต่ำ
เถิดเทิง,2,คำเฉพาะโดเมนที่พบบ่อยเกินไป (Domain-Specific Overuse),คำทั่วไปในโดเมน ทำให้จำแนกต่ำ
ความบันเทิง,3,คำเชิงนามธรรม หรือ คำเชิงประเมินค่า (Abstract or Evaluative Terms),แสดงแนวคิด/คุณค่า
สนุกสนาน,3,คำเชิงนามธรรม หรือ คำเชิงประเมินค่า (Abstract or Evaluative Terms),แสดงความรู้สึก/คุณค่า
ดนตรีพื้นบ้าน,3,คำเฉพาะโดเมนที่พบบ่อยเกินไป (Domain-Specific Overuse),คำทั่วไปในโดเมน ทำให้จำแนกต่ำ
เพลงงามแสงเดือน,3,คำเฉพาะโดเมนที่พบบ่อยเกินไป (Domain-Specific Overuse),คำทั่วไปในโดเมน ทำให้จำแนกต่ำ
ของที่ระลึก,3,คำเฉพาะโดเมนที่พบบ่อยเกินไป (Domain-Specific Overuse),คำทั่วไปในโดเมน ทำให้จำแนกต่ำ
ผีภู,3,คำเฉพาะโดเมนที่พบบ่อยเกินไป (Domain-Specific Overuse),คำทั่วไปในโดเมน ทำให้จำแนกต่ำ
ศิลปวัฒนธรรม,0,คำเฉพาะโดเมนที่พบบ่อยเกินไป (Domain-Specific Overuse),คำพื้นฐานในโดเมน ทำให้จำแนกต่ำ
วาจา,1,คำที่มีความหมายกว้าง (Umbrella Terms),คำทั่วไป ใช้เป็นหมวดหมู่
ความสำคัญ,1,คำเชิงนามธรรม หรือ คำเชิงประเมินค่า (Abstract or Evaluative Terms),แสดงคุณค่า/ความคิดเห็น
แผ่อิทธิพล,2,คำที่มีความหมายกว้าง (Umbrella Terms),ใช้เป็นหมวดหมู่ทั่วไป
เริงใจ,2,คำเชิงนามธรรม หรือ คำเชิงประเมินค่า (Abstract or Evaluative Terms),แสดงความรู้สึก/คุณค่า
สาวงาม,3,คำที่มีความหมายกว้าง (Umbrella Terms),คำทั่วไป ใช้เป็นหมวดหมู่
หลงใหล,3,คำเชิงนามธรรม หรือ คำเชิงประเมินค่า (Abstract or Evaluative Terms),แสดงความรู้สึก/คุณค่า
เกียรติยศ,3,คำเชิงนามธรรม หรือ คำเชิงประเมินค่า (Abstract or Evaluative Terms),แสดงคุณค่า/ความคิดเห็น
จังหวัด,3,คำที่มีความหมายกว้าง (Umbrella Terms),นามทั่วไป ใช้เป็นหมวดหมู่
พระอุโบสถ,3,คำเฉพาะโดเมนที่พบบ่อยเกินไป (Domain-Specific Overuse),คำพื้นฐานในโดเมน ทำให้จำแนกต่ำ
วรรณคดี,3,คำเฉพาะโดเมนที่พบบ่อยเกินไป (Domain-Specific Overuse),คำพื้นฐานในโดเมน ทำให้จำแนกต่ำ
ของป่า,3,คำเฉพาะโดเมนที่พบบ่อยเกินไป (Domain-Specific Overuse),คำพื้นฐานในโดเมน ทำให้จำแนกต่ำ
พราหมณ์,3,คำเฉพาะโดเมนที่พบบ่อยเกินไป (Domain-Specific Overuse),คำพื้นฐานในโดเมน ทำให้จำแนกต่ำ
ยั่วเย้า,2,คำเชิงนามธรรม หรือ คำเชิงประเมินค่า (Abstract or Evaluative Terms),แสดงความรู้สึก/คุณค่า
หล่อสำริด,2,คำเฉพาะโดเมนที่พบบ่อยเกินไป (Domain-Specific Overuse),คำพื้นฐานในโดเมน ทำให้จำแนกต่ำ
อสูร,2,คำเฉพาะโดเมนที่พบบ่อยเกินไป (Domain-Specific Overuse),คำพื้นฐานในโดเมน ทำให้จำแนกต่ำ
ชีวิต,1,คำที่มีความหมายกว้าง (Umbrella Terms),นามทั่วไป ใช้เป็นหมวดหมู่
ราชสำนัก,1,คำเฉพาะโดเมนที่พบบ่อยเกินไป (Domain-Specific Overuse),คำพื้นฐานในโดเมน ทำให้จำแนกต่ำ
นนทก,1,คำเฉพาะโดเมนที่พบบ่อยเกินไป (Domain-Specific Overuse),คำพื้นฐานในโดเมน ทำให้จำแนกต่ำ
มังกรกัณฐ์,1,คำเฉพาะโดเมนที่พบบ่อยเกินไป (Domain-Specific Overuse),คำพื้นฐานในโดเมน ทำให้จำแนกต่ำ
เพลงสำเนียงลาว,1,คำเฉพาะโดเมนที่พบบ่อยเกินไป (Domain-Specific Overuse),คำพื้นฐานในโดเมน ทำให้จำแนกต่ำ
รูปร่าง,1,คำเฉพาะโดเมนที่พบบ่อยเกินไป (Domain-Specific Overuse),คำพื้นฐานในโดเมน ทำให้จำแนกต่ำ
ฮินดู,1,คำเฉพาะโดเมนที่พบบ่อยเกินไป (Domain-Specific Overuse),คำพื้นฐานในโดเมน ทำให้จำแนกต่ำ
วิดน้ำ,1,คำเฉพาะโดเมนที่พบบ่อยเกินไป (Domain-Specific Overuse),คำพื้นฐานในโดเมน ทำให้จำแนกต่ำ
รับอาสา,1,คำเฉพาะโดเมนที่พบบ่อยเกินไป (Domain-Specific Overuse),คำพื้นฐานในโดเมน ทำให้จำแนกต่ำ
เจ้าเมือง,3,คำเฉพาะโดเมนที่พบบ่อยเกินไป (Domain-Specific Overuse),คำพื้นฐานในโดเมน ทำให้จำแนกต่ำ
อาหาร,0,คำที่มีความหมายกว้าง (Umbrella Terms),ใช้เป็นหมวดหมู่ทั่วไป
มีวัฒนธรรม,1,คำที่มีความหมายกว้าง (Umbrella Terms),ใช้เป็นหมวดหมู่ทั่วไป
สุทธาวาส,1,คำเชิงนามธรรม หรือ คำเชิงประเมินค่า (Abstract or Evaluative Terms),แสดงคุณค่า/ความคิดเห็น
มโนห์รา,1,คำเฉพาะโดเมนที่พบบ่อยเกินไป (Domain-Specific Overuse),คำพื้นฐานในโดเมน ทำให้จำแนกต่ำ
การบรรเลง,3,คำเฉพาะโดเมนที่พบบ่อยเกินไป (Domain-Specific Overuse),คำพื้นฐานในโดเมน ทำให้จำแนกต่ำ
กระบวนท่า,1,คำเฉพาะโดเมนที่พบบ่อยเกินไป (Domain-Specific Overuse),คำพื้นฐานในโดเมน ทำให้จำแนกต่ำ
นครราชสีมา,1,คำเฉพาะโดเมนที่พบบ่อยเกินไป (Domain-Specific Overuse),คำพื้นฐานในโดเมน ทำให้จำแนกต่ำ
แหลมมลายู,1,คำเฉพาะโดเมนที่พบบ่อยเกินไป (Domain-Specific Overuse),คำพื้นฐานในโดเมน ทำให้จำแนกต่ำ
ชาวพื้นเมือง,2,คำที่มีความหมายกว้าง (Umbrella Terms),ใช้เป็นหมวดหมู่ทั่วไป
สังสรรค์,2,คำเชิงนามธรรม หรือ คำเชิงประเมินค่า (Abstract or Evaluative Terms),แสดงความรู้สึก/คุณค่า
บุหรงซีงอ,2,คำเฉพาะโดเมนที่พบบ่อยเกินไป (Domain-Specific Overuse),คำพื้นฐานในโดเมน ทำให้จำแนกต่ำ
ชายแดน,2,คำเฉพาะโดเมนที่พบบ่อยเกินไป (Domain-Specific Overuse),คำพื้นฐานในโดเมน ทำให้จำแนกต่ำ
เพลงสากล,3,คำที่มีความหมายกว้าง (Umbrella Terms),ใช้เป็นหมวดหมู่ทั่วไป
สิริมงคล,3,คำเชิงนามธรรม หรือ คำเชิงประเมินค่า (Abstract or Evaluative Terms),แสดงคุณค่า/ความคิดเห็น
เมืองหลวง,3,คำเฉพาะโดเมนที่พบบ่อยเกินไป (Domain-Specific Overuse),คำพื้นฐานในโดเมน ทำให้จำแนกต่ำ
อเนก,3,คำเฉพาะโดเมนที่พบบ่อยเกินไป (Domain-Specific Overuse),คำพื้นฐานในโดเมน ทำให้จำแนกต่ำ
กราววีรชัยลิง,3,คำเฉพาะโดเมนที่พบบ่อยเกินไป (Domain-Specific Overuse),คำพื้นฐานในโดเมน ทำให้จำแนกต่ำ
การแสดงพื้นเมือง,0,คำเฉพาะโดเมนที่พบบ่อยเกินไป (Domain-Specific Overuse),คำพื้นฐานในโดเมน ทำให้จำแนกต่ำ
โบราณสถาน,3,คำเฉพาะโดเมนที่พบบ่อยเกินไป (Domain-Specific Overuse),คำพื้นฐานในโดเมน ทำให้จำแนกต่ำ
ลงกา,1,คำที่มีความหมายกว้าง (Umbrella Terms),นามทั่วไป ใช้เป็นหมวดหมู่
ก้อนหิน,1,คำที่มีความหมายกว้าง (Umbrella Terms),นามทั่วไป ใช้เป็นหมวดหมู่
ชั้นเดียว,2,คำที่มีความหมายกว้าง (Umbrella Terms),นามทั่วไป ใช้เป็นหมวดหมู่
สวยงาม,2,คำเชิงนามธรรม หรือ คำเชิงประเมินค่า (Abstract or Evaluative Terms),แสดงคุณค่า/ความคิดเห็น
สะล้อ,2,คำเฉพาะโดเมนที่พบบ่อยเกินไป (Domain-Specific Overuse),คำพื้นฐานในโดเมน ทำให้จำแนกต่ำ
กลองสะบัดชัย,2,คำเฉพาะโดเมนที่พบบ่อยเกินไป (Domain-Specific Overuse),คำพื้นฐานในโดเมน ทำให้จำแนกต่ำ
พระศิวะ,2,คำเฉพาะโดเมนที่พบบ่อยเกินไป (Domain-Specific Overuse),คำพื้นฐานในโดเมน ทำให้จำแนกต่ำ
โรงละครแห่งชาติ,2,คำเฉพาะโดเมนที่พบบ่อยเกินไป (Domain-Specific Overuse),คำพื้นฐานในโดเมน ทำให้จำแนกต่ำ
เพลงดวงจันทร์ขวัญฟ้า,2,คำเฉพาะโดเมนที่พบบ่อยเกินไป (Domain-Specific Overuse),คำพื้นฐานในโดเมน ทำให้จำแนกต่ำ
หอกโมกขศักดิ์,2,คำเฉพาะโดเมนที่พบบ่อยเกินไป (Domain-Specific Overuse),คำพื้นฐานในโดเมน ทำให้จำแนกต่ำ
มุสลิม,3,คำเฉพาะโดเมนที่พบบ่อยเกินไป (Domain-Specific Overuse),คำพื้นฐานในโดเมน ทำให้จำแนกต่ำ
ชาวบ้าน,3,คำเฉพาะโดเมนที่พบบ่อยเกินไป (Domain-Specific Overuse),คำพื้นฐานในโดเมน ทำให้จำแนกต่ำ
เกียรติศักดิ์ไทย,3,คำเฉพาะโดเมนที่พบบ่อยเกินไป (Domain-Specific Overuse),คำพื้นฐานในโดเมน ทำให้จำแนกต่ำ
ผ้าไหม,3,คำเฉพาะโดเมนที่พบบ่อยเกินไป (Domain-Specific Overuse),คำทั่วไปในโดเมน ไม่ช่วยจำแนก
ชั้นเชิง,3,คำเฉพาะโดเมนที่พบบ่อยเกินไป (Domain-Specific Overuse),คำทั่วไปในโดเมน ไม่ช่วยจำแนก
ลีลา,3,คำเฉพาะโดเมนที่พบบ่อยเกินไป (Domain-Specific Overuse),คำทั่วไปในโดเมน ไม่ช่วยจำแนก
จัดแสดง,3,คำเฉพาะโดเมนที่พบบ่อยเกินไป (Domain-Specific Overuse),คำทั่วไปในโดเมน ไม่ช่วยจำแนก
ทำพิธี,3,คำเฉพาะโดเมนที่พบบ่อยเกินไป (Domain-Specific Overuse),คำทั่วไปในโดเมน ไม่ช่วยจำแนก
ละคร,3,คำเฉพาะโดเมนที่พบบ่อยเกินไป (Domain-Specific Overuse),คำทั่วไปในโดเมน ไม่ช่วยจำแนก
ความเข้มแข็ง,1,คำเชิงนามธรรม หรือ คำเชิงประเมินค่า (Abstract or Evaluative Terms),แสดงแนวคิด/คุณค่า
เสียงดนตรี,1,คำเชิงนามธรรม หรือ คำเชิงประเมินค่า (Abstract or Evaluative Terms),แสดงแนวคิด/คุณค่า
มนุษยชาติ,1,คำเชิงนามธรรม หรือ คำเชิงประเมินค่า (Abstract or Evaluative Terms),แสดงแนวคิด/คุณค่า
กิริยา,1,คำเชิงนามธรรม หรือ คำเชิงประเมินค่า (Abstract or Evaluative Terms),แสดงแนวคิด/คุณค่า
แนวคิด,1,คำเชิงนามธรรม หรือ คำเชิงประเมินค่า (Abstract or Evaluative Terms),แสดงแนวคิด/คุณค่า
ความสัมพันธ์,1,คำเชิงนามธรรม หรือ คำเชิงประเมินค่า (Abstract or Evaluative Terms),แสดงแนวคิด/คุณค่า
ประดุจ,2,คำที่มีความหมายกว้าง (Umbrella Terms),ใช้เป็นคำทั่วไป ไม่ชี้เฉพาะเจาะจง
ซุกซน,2,คำเชิงนามธรรม หรือ คำเชิงประเมินค่า (Abstract or Evaluative Terms),แสดงความรู้สึก/คุณค่า
อัญมณี,2,คำเฉพาะโดเมนที่พบบ่อยเกินไป (Domain-Specific Overuse),คำทั่วไปในโดเมน ไม่ช่วยจำแนก
กระทุ้ง,2,คำเฉพาะโดเมนที่พบบ่อยเกินไป (Domain-Specific Overuse),คำทั่วไปในโดเมน ไม่ช่วยจำแนก
ปารวตี,2,คำเฉพาะโดเมนที่พบบ่อยเกินไป (Domain-Specific Overuse),คำทั่วไปในโดเมน ไม่ช่วยจำแนก
บุรุษ,2,คำซ้ำซ้อน หรือ คำพ้องความหมาย (Redundant or Synonym),คำทั่วไปในโดเมน ไม่ช่วยจำแนก
วัฒนธรรม,0,คำที่มีความหมายกว้าง (Umbrella Terms),คำทั่วไป ใช้เป็นหมวดหมู่
ความหลากหลาย,0,คำเชิงนามธรรม หรือ คำเชิงประเมินค่า (Abstract or Evaluative Terms),แสดงแนวคิด/ความคิดเห็น
การแต่งกาย,1,คำที่มีความหมายกว้าง (Umbrella Terms),คำทั่วไปในบริบท
พระคุณ,1,คำเชิงนามธรรม หรือ คำเชิงประเมินค่า (Abstract or Evaluative Terms),แสดงคุณค่า/ความคิดเห็น
เสนียดจัญไร,2,คำที่มีความหมายกว้าง (Umbrella Terms),คำทั่วไป ใช้เป็นหมวดหมู่
กิริยาอาการ,2,คำเฉพาะโดเมนที่พบบ่อยเกินไป (Domain-Specific Overuse),คำพื้นฐานในโดเมน ทำให้จำแนกต่ำ
ชั้นใน,3,คำที่มีความหมายกว้าง (Umbrella Terms),คำทั่วไป ใช้เป็นหมวดหมู่
ค้าขาย,3,คำเฉพาะโดเมนที่พบบ่อยเกินไป (Domain-Specific Overuse),คำพื้นฐานในโดเมน ทำให้จำแนกต่ำ
ช่อดอกไม้,3,คำซ้ำซ้อน หรือ คำพ้องความหมาย (Redundant or Synonym),คำทั่วไป ใช้เป็นหมวดหมู่
ประเทศ,1,คำที่มีความหมายกว้าง (Umbrella Terms),นามทั่วไป ใช้เป็นหมวดหมู่
ความงาม,1,คำเชิงนามธรรม หรือ คำเชิงประเมินค่า (Abstract or Evaluative Terms),แสดงคุณค่า/ความคิดเห็น
การประกอบอาชีพ,2,คำเฉพาะโดเมนที่พบบ่อยเกินไป (Domain-Specific Overuse),คำพื้นฐานในโดเมน ทำให้จำแนกต่ำ
ขบวนแห่,2,คำที่มีความหมายกว้าง (Umbrella Terms),ใช้เป็นหมวดหมู่ทั่วไป
หยอกล้อ,2,คำเชิงนามธรรม หรือ คำเชิงประเมินค่า (Abstract or Evaluative Terms),แสดงความรู้สึก/คุณค่า
การร่อนแร่,3,คำเฉพาะโดเมนที่พบบ่อยเกินไป (Domain-Specific Overuse),คำพื้นฐานในโดเมน ทำให้จำแนกต่ำ
เบญกาย,0,คำที่มีความหมายกว้าง (Umbrella Terms),คำทั่วไป ไม่ชี้เฉพาะเจาะจง
ดำรงตำแหน่ง,0,คำที่มีความหมายกว้าง (Umbrella Terms),คำทั่วไป ไม่ชี้เฉพาะเจาะจง
พระพาย,0,คำที่มีความหมายกว้าง (Umbrella Terms),คำทั่วไป ไม่ชี้เฉพาะเจาะจง
ดินดาล,0,คำที่มีความหมายกว้าง (Umbrella Terms),คำทั่วไป ไม่ชี้เฉพาะเจาะจง
อันหนึ่งอันเดียว,0,คำที่มีความหมายกว้าง (Umbrella Terms),คำทั่วไป ไม่ชี้เฉพาะเจาะจง
คู่ใจ,0,คำที่มีความหมายกว้าง (Umbrella Terms),คำทั่วไป ไม่ชี้เฉพาะเจาะจง
พลวานร,1,คำที่มีความหมายกว้าง (Umbrella Terms),คำทั่วไป ไม่ชี้เฉพาะเจาะจง
บุปเพสันนิวาส,1,คำเฉพาะโดเมนที่พบบ่อยเกินไป (Domain-Specific Overuse),คำพื้นฐานในโดเมน ทำให้จำแนกต่ำ
ประชากร,1,คำเฉพาะโดเมนที่พบบ่อยเกินไป (Domain-Specific Overuse),คำพื้นฐานในโดเมน ทำให้จำแนกต่ำ
อินทรชิต,1,คำเฉพาะโดเมนที่พบบ่อยเกินไป (Domain-Specific Overuse),คำพื้นฐานในโดเมน ทำให้จำแนกต่ำ
บรรพต,1,คำเฉพาะโดเมนที่พบบ่อยเกินไป (Domain-Specific Overuse),คำพื้นฐานในโดเมน ทำให้จำแนกต่ำ
กะลา,2,คำที่มีความหมายกว้าง (Umbrella Terms),คำทั่วไป ไม่ชี้เฉพาะเจาะจง
ร้ายกาจ,2,คำเชิงนามธรรม หรือ คำเชิงประเมินค่า (Abstract or Evaluative Terms),แสดงคุณค่า/ความคิดเห็น
ความชำนาญ,2,คำเชิงนามธรรม หรือ คำเชิงประเมินค่า (Abstract or Evaluative Terms),แสดงแนวคิด/ความรู้สึก
พระราม,2,คำเฉพาะโดเมนที่พบบ่อยเกินไป (Domain-Specific Overuse),คำพื้นฐานในโดเมน ทำให้จำแนกต่ำ
เพลงเร็ว,3,คำเฉพาะโดเมนที่พบบ่อยเกินไป (Domain-Specific Overuse),คำพื้นฐานในโดเมน ทำให้จำแนกต่ำ
เครื่องดนตรี,3,คำเฉพาะโดเมนที่พบบ่อยเกินไป (Domain-Specific Overuse),คำพื้นฐานในโดเมน ทำให้จำแนกต่ำ
ทำนองเพลง,3,คำเฉพาะโดเมนที่พบบ่อยเกินไป (Domain-Specific Overuse),คำพื้นฐานในโดเมน ทำให้จำแนกต่ำ
ประทับ,3,คำเฉพาะโดเมนที่พบบ่อยเกินไป (Domain-Specific Overuse),คำพื้นฐานในโดเมน ทำให้จำแนกต่ำ
ขนเพชร,3,คำเฉพาะโดเมนที่พบบ่อยเกินไป (Domain-Specific Overuse),คำพื้นฐานในโดเมน ทำให้จำแนกต่ำ
มวยไทย,3,คำเฉพาะโดเมนที่พบบ่อยเกินไป (Domain-Specific Overuse),คำพื้นฐานในโดเมน ทำให้จำแนกต่ำ
ไตรรงค์,3,คำเฉพาะโดเมนที่พบบ่อยเกินไป (Domain-Specific Overuse),คำพื้นฐานในโดเมน ทำให้จำแนกต่ำ
พุทธศตวรรษ,3,คำเฉพาะโดเมนที่พบบ่อยเกินไป (Domain-Specific Overuse),คำพื้นฐานในโดเมน ทำให้จำแนกต่ำ
ภูมิภาค,0,คำที่มีความหมายกว้าง (Umbrella Terms),นามทั่วไป ใช้เป็นหมวดหมู่
ความตาย,1,คำเชิงนามธรรม หรือ คำเชิงประเมินค่า (Abstract or Evaluative Terms),แสดงแนวคิดที่เป็นนามธรรม
แหล่งน้ำ,1,คำที่มีความหมายกว้าง (Umbrella Terms),ใช้เป็นหมวดหมู่ทั่วไป
ยุติธรรม,1,คำเชิงนามธรรม หรือ คำเชิงประเมินค่า (Abstract or Evaluative Terms),แสดงคุณค่า/ความคิดเห็น
วิรุญมุข,1,คำเฉพาะโดเมนที่พบบ่อยเกินไป (Domain-Specific Overuse),คำพื้นฐานในโดเมน ทำให้จำแนกต่ำ
ภาชนะดินเผา,1,คำเฉพาะโดเมนที่พบบ่อยเกินไป (Domain-Specific Overuse),คำพื้นฐานในโดเมน ทำให้จำแนกต่ำ
ท่าทาง,2,คำที่มีความหมายกว้าง (Umbrella Terms),ใช้เป็นหมวดหมู่ทั่วไป
ความเพลิดเพลิน,2,คำเชิงนามธรรม หรือ คำเชิงประเมินค่า (Abstract or Evaluative Terms),แสดงความรู้สึก/คุณค่า
หมากกั๊บแก๊บ,2,คำเฉพาะโดเมนที่พบบ่อยเกินไป (Domain-Specific Overuse),คำพื้นฐานในโดเมน ทำให้จำแนกต่ำ
ไทยจักรี,2,คำเฉพาะโดเมนที่พบบ่อยเกินไป (Domain-Specific Overuse),คำพื้นฐานในโดเมน ทำให้จำแนกต่ำ
ขอความช่วยเหลือ,3,คำเชิงนามธรรม หรือ คำเชิงประเมินค่า (Abstract or Evaluative Terms),แสดงแนวคิดที่เป็นนามธรรม
การสอน,3,คำเฉพาะโดเมนที่พบบ่อยเกินไป (Domain-Specific Overuse),คำพื้นฐานในโดเมน ทำให้จำแนกต่ำ
สังคีตศิลป์,3,คำเฉพาะโดเมนที่พบบ่อยเกินไป (Domain-Specific Overuse),คำพื้นฐานในโดเมน ทำให้จำแนกต่ำ
ข้าหลวง,3,คำซ้ำซ้อน หรือ คำพ้องความหมาย (Redundant or Synonym),คำพื้นฐานในโดเมน ทำให้จำแนกต่ำ
กีฬา,1,คำที่มีความหมายกว้าง (Umbrella Terms),คำทั่วไป ใช้เป็นหมวดหมู่
ความจงรักภักดี,1,คำเชิงนามธรรม หรือ คำเชิงประเมินค่า (Abstract or Evaluative Terms),แสดงความรู้สึก/คุณค่า
สากตำข้าว,3,คำเฉพาะโดเมนที่พบบ่อยเกินไป (Domain-Specific Overuse),คำพื้นฐานในโดเมน ทำให้จำแนกต่ำ
มรดกวัฒนธรรม,3,คำเฉพาะโดเมนที่พบบ่อยเกินไป (Domain-Specific Overuse),คำพื้นฐานในโดเมน ทำให้จำแนกต่ำ
ธงไทย,2,คำที่มีความหมายกว้าง (Umbrella Terms),คำทั่วไป ใช้เป็นหมวดหมู่
กิริยาท่าทาง,2,คำเชิงนามธรรม หรือ คำเชิงประเมินค่า (Abstract or Evaluative Terms),แสดงแนวคิด/ความรู้สึก
ธัญญาหาร,2,คำเฉพาะโดเมนที่พบบ่อยเกินไป (Domain-Specific Overuse),คำพื้นฐานในโดเมน ทำให้จำแนกต่ำ
ลักษณะพิเศษ,0,คำที่มีความหมายกว้าง (Umbrella Terms),คำทั่วไป ใช้เป็นหมวดหมู่
พระแพง,0,คำเชิงนามธรรม หรือ คำเชิงประเมินค่า (Abstract or Evaluative Terms),แสดงแนวคิด/ความรู้สึก
พระคเณศ,1,คำเฉพาะโดเมนที่พบบ่อยเกินไป (Domain-Specific Overuse),คำพื้นฐานในโดเมน ทำให้จำแนกต่ำ
ละครพันทาง,3,คำเฉพาะโดเมนที่พบบ่อยเกินไป (Domain-Specific Overuse),คำพื้นฐานในโดเมน ทำให้จำแนกต่ำ
รับสั่ง,1,คำซ้ำซ้อน หรือ คำพ้องความหมาย (Redundant or Synonym),คำทั่วไป ใช้เป็นหมวดหมู่
คืนหนึ่ง,0,คำที่มีความหมายกว้าง (Umbrella Terms),คำทั่วไป ใช้เป็นหมวดหมู่
ละครนอก,0,คำเฉพาะโดเมนที่พบบ่อยเกินไป (Domain-Specific Overuse),คำพื้นฐานในโดเมน ทำให้จำแนกต่ำ
เครื่องดนตรีพื้นบ้าน,0,คำเฉพาะโดเมนที่พบบ่อยเกินไป (Domain-Specific Overuse),คำพื้นฐานในโดเมน ทำให้จำแนกต่ำ
ออกศึก,0,คำเฉพาะโดเมนที่พบบ่อยเกินไป (Domain-Specific Overuse),คำพื้นฐานในโดเมน ทำให้จำแนกต่ำ
พระแม่คงคา,0,คำเฉพาะโดเมนที่พบบ่อยเกินไป (Domain-Specific Overuse),คำพื้นฐานในโดเมน ทำให้จำแนกต่ำ
พระสังข์,0,คำเฉพาะโดเมนที่พบบ่อยเกินไป (Domain-Specific Overuse),คำพื้นฐานในโดเมน ทำให้จำแนกต่ำ
คำร้อง,1,คำเชิงนามธรรม หรือ คำเชิงประเมินค่า (Abstract or Evaluative Terms),แสดงแนวคิด/ความคิดเห็น
กำเริบ,1,คำเชิงนามธรรม หรือ คำเชิงประเมินค่า (Abstract or Evaluative Terms),แสดงแนวคิด/ความคิดเห็น
อิทธิพล,2,คำที่มีความหมายกว้าง (Umbrella Terms),คำทั่วไป ใช้เป็นหมวดหมู่
พญาขร,2,คำเฉพาะโดเมนที่พบบ่อยเกินไป (Domain-Specific Overuse),คำพื้นฐานในโดเมน ทำให้จำแนกต่ำ
อีสาน,2,คำเฉพาะโดเมนที่พบบ่อยเกินไป (Domain-Specific Overuse),คำพื้นฐานในโดเมน ทำให้จำแนกต่ำ
ไทยจีน,3,คำเฉพาะโดเมนที่พบบ่อยเกินไป (Domain-Specific Overuse),คำพื้นฐานในโดเมน ทำให้จำแนกต่ำ
อุปกรณ์,3,คำที่มีความหมายกว้าง (Umbrella Terms),คำทั่วไป ใช้เป็นหมวดหมู่
รำคู่,3,คำเฉพาะโดเมนที่พบบ่อยเกินไป (Domain-Specific Overuse),คำพื้นฐานในโดเมน ทำให้จำแนกต่ำ
การปั้น,3,คำเฉพาะโดเมนที่พบบ่อยเกินไป (Domain-Specific Overuse),คำพื้นฐานในโดเมน ทำให้จำแนกต่ำ
ขับร้อง,3,คำเฉพาะโดเมนที่พบบ่อยเกินไป (Domain-Specific Overuse),คำพื้นฐานในโดเมน ทำให้จำแนกต่ำ
ประจำปี,3,คำเฉพาะโดเมนที่พบบ่อยเกินไป (Domain-Specific Overuse),คำพื้นฐานในโดเมน ทำให้จำแนกต่ำ
พี่น้อง,3,คำซ้ำซ้อน หรือ คำพ้องความหมาย (Redundant or Synonym),คำทั่วไป ใช้เป็นหมวดหมู่
น้องชาย,3,คำซ้ำซ้อน หรือ คำพ้องความหมาย (Redundant or Synonym),คำทั่วไป ใช้เป็นหมวดหมู่
ริมแม่น้ำ,1,คำซ้ำซ้อน หรือ คำพ้องความหมาย (Redundant or Synonym),คำทั่วไป ใช้เป็นหมวดหมู่
กลอุบาย,2,คำซ้ำซ้อน หรือ คำพ้องความหมาย (Redundant or Synonym),คำทั่วไป ใช้เป็นหมวดหมู่
ลักษณะ,0,คำที่มีความหมายกว้าง (Umbrella Terms),คำทั่วไป ใช้เป็นหมวดหมู่
จารีตประเพณี,1,คำที่มีความหมายกว้าง (Umbrella Terms),คำทั่วไป ใช้เป็นหมวดหมู่
สง่างาม,1,คำเชิงนามธรรม หรือ คำเชิงประเมินค่า (Abstract or Evaluative Terms),แสดงคุณค่า/ความคิดเห็น
เพลงชาวไทย,1,คำเฉพาะโดเมนที่พบบ่อยเกินไป (Domain-Specific Overuse),คำพื้นฐานในโดเมน ทำให้จำแนกต่ำ
ความเป็นอยู่,2,คำที่มีความหมายกว้าง (Umbrella Terms),คำทั่วไป ใช้เป็นหมวดหมู่
คล่องแคล่ว,2,คำเชิงนามธรรม หรือ คำเชิงประเมินค่า (Abstract or Evaluative Terms),แสดงคุณค่า/ความคิดเห็น
การขับร้อง,3,คำเฉพาะโดเมนที่พบบ่อยเกินไป (Domain-Specific Overuse),คำพื้นฐานในโดเมน ทำให้จำแนกต่ำ
ตารีกีปัส,2,คำเฉพาะโดเมนที่พบบ่อยเกินไป (Domain-Specific Overuse),คำพื้นฐานในโดเมน ทำให้จำแนกต่ำ
ฟาดฟัน,2,คำเฉพาะโดเมนที่พบบ่อยเกินไป (Domain-Specific Overuse),คำพื้นฐานในโดเมน ทำให้จำแนกต่ำ
ความสามัคคี,3,คำเฉพาะโดเมนที่พบบ่อยเกินไป (Domain-Specific Overuse),คำพื้นฐานในโดเมน ทำให้จำแนกต่ำ
ความเป็นอยู่,2,คำเฉพาะโดเมนที่พบบ่อยเกินไป (Domain-Specific Overuse),คำพื้นฐานในโดเมน ทำให้จำแนกต่ำ
งานประติมากรรม,3,คำเฉพาะโดเมนที่พบบ่อยเกินไป (Domain-Specific Overuse),คำพื้นฐานในโดเมน ทำให้จำแนกต่ำ
เต้นสาก,3,คำเฉพาะโดเมนที่พบบ่อยเกินไป (Domain-Specific Overuse),คำพื้นฐานในโดเมน ทำให้จำแนกต่ำ
เมืองชมพู,0,คำที่มีความหมายกว้าง (Umbrella Terms),นามทั่วไป ใช้เป็นหมวดหมู่
สถานที่,1,คำที่มีความหมายกว้าง (Umbrella Terms),นามทั่วไป ใช้เป็นหมวดหมู่
นวัตกรรม,1,คำเฉพาะโดเมนที่พบบ่อยเกินไป (Domain-Specific Overuse),คำพื้นฐานในโดเมน ทำให้จำแนกต่ำ
ฟันปลา,2,คำที่มีความหมายกว้าง (Umbrella Terms),นามทั่วไป ใช้เป็นหมวดหมู่
สิ้นชีวิต,2,คำเชิงนามธรรม หรือ คำเชิงประเมินค่า (Abstract or Evaluative Terms),แสดงแนวคิด/ความรู้สึก
ลำเพลิน,2,คำเฉพาะโดเมนที่พบบ่อยเกินไป (Domain-Specific Overuse),คำพื้นฐานในโดเมน ทำให้จำแนกต่ำ
ปราสาทพนมรุ้ง,2,คำเฉพาะโดเมนที่พบบ่อยเกินไป (Domain-Specific Overuse),คำพื้นฐานในโดเมน ทำให้จำแนกต่ำ
วันวาน,3,คำเชิงนามธรรม หรือ คำเชิงประเมินค่า (Abstract or Evaluative Terms),แสดงแนวคิด/ความรู้สึก
การให้กำเนิด,1,คำเฉพาะโดเมนที่พบบ่อยเกินไป (Domain-Specific Overuse),คำทั่วไปในโดเมน ทำให้จำแนกต่ำ
แม่น้ำโขง,1,คำเฉพาะโดเมนที่พบบ่อยเกินไป (Domain-Specific Overuse),คำทั่วไปในโดเมน ทำให้จำแนกต่ำ
หน้าบัน,1,คำเฉพาะโดเมนที่พบบ่อยเกินไป (Domain-Specific Overuse),คำทั่วไปในโดเมน ทำให้จำแนกต่ำ
นางกินรี,1,คำเฉพาะโดเมนที่พบบ่อยเกินไป (Domain-Specific Overuse),คำทั่วไปในโดเมน ทำให้จำแนกต่ำ
กลุ่มชาติพันธุ์,1,คำเฉพาะโดเมนที่พบบ่อยเกินไป (Domain-Specific Overuse),คำทั่วไปในโดเมน ทำให้จำแนกต่ำ
สัจจะ,1,คำเฉพาะโดเมนที่พบบ่อยเกินไป (Domain-Specific Overuse),คำทั่วไปในโดเมน ทำให้จำแนกต่ำ
วิชา,2,คำที่มีความหมายกว้าง (Umbrella Terms),คำทั่วไป ใช้เป็นหมวดหมู่
พระสวามี,2,คำที่มีความหมายกว้าง (Umbrella Terms),คำทั่วไป ใช้เป็นหมวดหมู่
กลยุทธ,2,คำที่มีความหมายกว้าง (Umbrella Terms),คำทั่วไป ใช้เป็นหมวดหมู่
ไฟไหม้,2,คำที่มีความหมายกว้าง (Umbrella Terms),คำทั่วไป ใช้เป็นหมวดหมู่
ขี่ม้า,2,คำที่มีความหมายกว้าง (Umbrella Terms),คำทั่วไป ใช้เป็นหมวดหมู่
มีฤทธิ์,2,คำที่มีความหมายกว้าง (Umbrella Terms),คำทั่วไป ใช้เป็นหมวดหมู่
กรรมวิธี,2,คำเฉพาะโดเมนที่พบบ่อยเกินไป (Domain-Specific Overuse),คำทั่วไปในโดเมน ทำให้จำแนกต่ำ
ทอผ้า,3,คำเฉพาะโดเมนที่พบบ่อยเกินไป (Domain-Specific Overuse),คำทั่วไปในโดเมน ทำให้จำแนกต่ำ
การฟ้อนรำ,3,คำเฉพาะโดเมนที่พบบ่อยเกินไป (Domain-Specific Overuse),คำทั่วไปในโดเมน ทำให้จำแนกต่ำ
น้ำมันยาง,3,คำเฉพาะโดเมนที่พบบ่อยเกินไป (Domain-Specific Overuse),คำทั่วไปในโดเมน ทำให้จำแนกต่ำ
กลางคืน,0,คำที่มีความหมายกว้าง (Umbrella Terms),ใช้เป็นหมวดหมู่ทั่วไป
ธรรมชาติ,2,คำที่มีความหมายกว้าง (Umbrella Terms),คำทั่วไปที่ใช้ได้หลายบริบท
ประเทศไทย,0,คำที่มีความหมายกว้าง (Umbrella Terms),คำทั่วไปที่ใช้เป็นหมวดหมู่
ชาวภูไท,0,คำที่มีความหมายกว้าง (Umbrella Terms),คำทั่วไปที่ใช้เป็นหมวดหมู่
ลาวเวียง,0,คำที่มีความหมายกว้าง (Umbrella Terms),คำทั่วไปที่ใช้เป็นหมวดหมู่
หน่อไม้,0,คำที่มีความหมายกว้าง (Umbrella Terms),คำทั่วไปที่ใช้เป็นหมวดหมู่
งดงาม,1,คำเชิงนามธรรม หรือ คำเชิงประเมินค่า (Abstract or Evaluative Terms),แสดงคุณค่า/ความคิดเห็น
การต่อสู้,2,คำเฉพาะโดเมนที่พบบ่อยเกินไป (Domain-Specific Overuse),คำพื้นฐานในโดเมน ทำให้จำแนกต่ำ
ดนตรีไทย,1,คำเฉพาะโดเมนที่พบบ่อยเกินไป (Domain-Specific Overuse),คำพื้นฐานในโดเมน ทำให้จำแนกต่ำ
การร่ายรำ,1,คำเฉพาะโดเมนที่พบบ่อยเกินไป (Domain-Specific Overuse),คำพื้นฐานในโดเมน ทำให้จำแนกต่ำ
พระนิพนธ์,1,คำเฉพาะโดเมนที่พบบ่อยเกินไป (Domain-Specific Overuse),คำพื้นฐานในโดเมน ทำให้จำแนกต่ำ
คำสั่ง,1,คำเฉพาะโดเมนที่พบบ่อยเกินไป (Domain-Specific Overuse),คำพื้นฐานในโดเมน ทำให้จำแนกต่ำ
พละกำลัง,1,คำเฉพาะโดเมนที่พบบ่อยเกินไป (Domain-Specific Overuse),คำพื้นฐานในโดเมน ทำให้จำแนกต่ำ
ความสุข,2,คำที่มีความหมายกว้าง (Umbrella Terms),แสดงความรู้สึก/คุณค่า
ข้างใน,2,คำที่มีความหมายกว้าง (Umbrella Terms),ใช้เป็นหมวดหมู่ทั่วไป
ความนิยม,0,คำเชิงนามธรรม หรือ คำเชิงประเมินค่า (Abstract or Evaluative Terms),แสดงความรู้สึก/คุณค่า
ป้องกันตัว,2,คำเฉพาะโดเมนที่พบบ่อยเกินไป (Domain-Specific Overuse),คำพื้นฐานในโดเมน ทำให้จำแนกต่ำ
เพลงฟ้อนดวงดอกไม้,3,คำเฉพาะโดเมนที่พบบ่อยเกินไป (Domain-Specific Overuse),คำพื้นฐานในโดเมน ทำให้จำแนกต่ำ
ละครเสภา,3,คำเฉพาะโดเมนที่พบบ่อยเกินไป (Domain-Specific Overuse),คำพื้นฐานในโดเมน ทำให้จำแนกต่ำ
ผู้พบเห็น,3,คำซ้ำซ้อน หรือ คำพ้องความหมาย (Redundant or Synonym),คำทั่วไปที่ใช้เป็นหมวดหมู่
กิจกรรม,3,คำที่มีความหมายกว้าง (Umbrella Terms),คำทั่วไป ใช้เป็นหมวดหมู่
ความภาคภูมิใจ,1,คำเชิงนามธรรม หรือ คำเชิงประเมินค่า (Abstract or Evaluative Terms),แสดงความรู้สึก/คุณค่า
การดีด,1,คำเฉพาะโดเมนที่พบบ่อยเกินไป (Domain-Specific Overuse),คำพื้นฐานในโดเมน ทำให้จำแนกต่ำ
จองถนน,2,คำที่มีความหมายกว้าง (Umbrella Terms),คำทั่วไป ใช้เป็นหมวดหมู่
รำมาตรฐาน,2,คำเฉพาะโดเมนที่พบบ่อยเกินไป (Domain-Specific Overuse),คำพื้นฐานในโดเมน ทำให้จำแนกต่ำ
นิ้วเพชร,2,คำเฉพาะโดเมนที่พบบ่อยเกินไป (Domain-Specific Overuse),คำพื้นฐานในโดเมน ทำให้จำแนกต่ำ
พิเภก,2,คำเฉพาะโดเมนที่พบบ่อยเกินไป (Domain-Specific Overuse),คำพื้นฐานในโดเมน ทำให้จำแนกต่ำ
ไทยดุสิต,2,คำเฉพาะโดเมนที่พบบ่อยเกินไป (Domain-Specific Overuse),คำพื้นฐานในโดเมน ทำให้จำแนกต่ำ
ตะเขิ่ง,2,คำเฉพาะโดเมนที่พบบ่อยเกินไป (Domain-Specific Overuse),คำพื้นฐานในโดเมน ทำให้จำแนกต่ำ
ทหารเอก,2,คำเฉพาะโดเมนที่พบบ่อยเกินไป (Domain-Specific Overuse),คำพื้นฐานในโดเมน ทำให้จำแนกต่ำ
ความสวยงาม,1,คำเชิงนามธรรม หรือ คำเชิงประเมินค่า (Abstract or Evaluative Terms),แสดงคุณค่า/ความคิดเห็น
เวลา,3,คำที่มีความหมายกว้าง (Umbrella Terms),คำทั่วไป ใช้เป็นหมวดหมู่
เครื่องแต่งกาย,2,คำที่มีความหมายกว้าง (Umbrella Terms),คำทั่วไปที่ใช้ในหลายบริบท
ไทยทรงดำ,2,คำเฉพาะโดเมนที่พบบ่อยเกินไป (Domain-Specific Overuse),คำเฉพาะที่พบถี่มากจนไม่ช่วยจำแนก
เพลงมอญดูดาว,2,คำเฉพาะโดเมนที่พบบ่อยเกินไป (Domain-Specific Overuse),คำเฉพาะที่พบถี่มากจนไม่ช่วยจำแนก
บูชายัญ,2,คำเฉพาะโดเมนที่พบบ่อยเกินไป (Domain-Specific Overuse),คำเฉพาะที่พบถี่มากจนไม่ช่วยจำแนก
ข้าวเหนียว,2,คำเฉพาะโดเมนที่พบบ่อยเกินไป (Domain-Specific Overuse),คำเฉพาะที่พบถี่มากจนไม่ช่วยจำแนก
สระอโนดาต,2,คำเฉพาะโดเมนที่พบบ่อยเกินไป (Domain-Specific Overuse),คำเฉพาะที่พบถี่มากจนไม่ช่วยจำแนก
สุพรรณมัจฉา,2,คำเฉพาะโดเมนที่พบบ่อยเกินไป (Domain-Specific Overuse),คำเฉพาะที่พบถี่มากจนไม่ช่วยจำแนก
พัดเรนัง,2,คำเฉพาะโดเมนที่พบบ่อยเกินไป (Domain-Specific Overuse),คำเฉพาะที่พบถี่มากจนไม่ช่วยจำแนก
การนุ่งห่ม,2,คำเฉพาะโดเมนที่พบบ่อยเกินไป (Domain-Specific Overuse),คำเฉพาะที่พบถี่มากจนไม่ช่วยจำแนก
ขันดอก,0,คำเฉพาะโดเมนที่พบบ่อยเกินไป (Domain-Specific Overuse),คำพื้นฐานในโดเมน ทำให้จำแนกต่ำ
พระมหากษัตริย์,0,คำเฉพาะโดเมนที่พบบ่อยเกินไป (Domain-Specific Overuse),คำพื้นฐานในโดเมน ทำให้จำแนกต่ำ
กรุงรัตนโกสินทร์,0,คำเฉพาะโดเมนที่พบบ่อยเกินไป (Domain-Specific Overuse),คำพื้นฐานในโดเมน ทำให้จำแนกต่ำ
ลำนำ,0,คำเฉพาะโดเมนที่พบบ่อยเกินไป (Domain-Specific Overuse),คำพื้นฐานในโดเมน ทำให้จำแนกต่ำ
เพลงบูชานักรบ,0,คำเฉพาะโดเมนที่พบบ่อยเกินไป (Domain-Specific Overuse),คำพื้นฐานในโดเมน ทำให้จำแนกต่ำ
เครื่องดนตรีพื้นเมือง,0,คำเฉพาะโดเมนที่พบบ่อยเกินไป (Domain-Specific Overuse),คำพื้นฐานในโดเมน ทำให้จำแนกต่ำ
บุหงา,0,คำเฉพาะโดเมนที่พบบ่อยเกินไป (Domain-Specific Overuse),คำพื้นฐานในโดเมน ทำให้จำแนกต่ำ
โดยรวม,1,คำที่มีความหมายกว้าง (Umbrella Terms),ใช้เป็นหมวดหมู่
ความพร้อมเพรียง,1,คำเชิงนามธรรม หรือ คำเชิงประเมินค่า (Abstract or Evaluative Terms),แสดงแนวคิด/คุณค่า
เพลงฝรั่งรำเท้า,1,คำเฉพาะโดเมนที่พบบ่อยเกินไป (Domain-Specific Overuse),คำพื้นฐานในโดเมน ทำให้จำแนกต่ำ
ปูนปั้น,1,คำเฉพาะโดเมนที่พบบ่อยเกินไป (Domain-Specific Overuse),คำพื้นฐานในโดเมน ทำให้จำแนกต่ำ
แม่ท่า,2,คำที่มีความหมายกว้าง (Umbrella Terms),ใช้เป็นหมวดหมู่
กาฬสินธุ์,2,คำที่มีความหมายกว้าง (Umbrella Terms),ใช้เป็นหมวดหมู่
นางฟ้า,2,คำที่มีความหมายกว้าง (Umbrella Terms),ใช้เป็นหมวดหมู่
รัวฉิ่ง,2,คำที่มีความหมายกว้าง (Umbrella Terms),ใช้เป็นหมวดหมู่
ผสมผสาน,2,คำที่มีความหมายกว้าง (Umbrella Terms),ใช้เป็นหมวดหมู่
ความคิดริเริ่ม,3,คำเชิงนามธรรม หรือ คำเชิงประเมินค่า (Abstract or Evaluative Terms),แสดงแนวคิด/คุณค่า
เพลงหน้าพาทย์,3,คำเฉพาะโดเมนที่พบบ่อยเกินไป (Domain-Specific Overuse),คำพื้นฐานในโดเมน ทำให้จำแนกต่ำ
สากล,3,คำเฉพาะโดเมนที่พบบ่อยเกินไป (Domain-Specific Overuse),คำพื้นฐานในโดเมน ทำให้จำแนกต่ำ
การจับปลา,3,คำเฉพาะโดเมนที่พบบ่อยเกินไป (Domain-Specific Overuse),คำพื้นฐานในโดเมน ทำให้จำแนกต่ำ
พื้นบ้าน,3,คำเฉพาะโดเมนที่พบบ่อยเกินไป (Domain-Specific Overuse),คำพื้นฐานในโดเมน ทำให้จำแนกต่ำ
ตามเพลง,3,คำเฉพาะโดเมนที่พบบ่อยเกินไป (Domain-Specific Overuse),คำพื้นฐานในโดเมน ทำให้จำแนกต่ำ
เพลงฉิ่ง,1,คำเฉพาะโดเมนที่พบบ่อยเกินไป (Domain-Specific Overuse),คำพื้นฐานในโดเมน ทำให้จำแนกต่ำ
พระเมรุ,1,คำเฉพาะโดเมนที่พบบ่อยเกินไป (Domain-Specific Overuse),คำพื้นฐานในโดเมน ทำให้จำแนกต่ำ
สมบัติ,1,คำเฉพาะโดเมนที่พบบ่อยเกินไป (Domain-Specific Overuse),คำพื้นฐานในโดเมน ทำให้จำแนกต่ำ
จัดทัพ,2,คำที่มีความหมายกว้าง (Umbrella Terms),ใช้เป็นหมวดหมู่ทั่วไป
หลงกล,2,คำที่มีความหมายกว้าง (Umbrella Terms),ใช้เป็นหมวดหมู่ทั่วไป
ไปมา,2,คำที่มีความหมายกว้าง (Umbrella Terms),ใช้เป็นหมวดหมู่ทั่วไป
ชุมพร,2,คำที่มีความหมายกว้าง (Umbrella Terms),ใช้เป็นหมวดหมู่ทั่วไป
พระเพื่อน,2,คำเฉพาะโดเมนที่พบบ่อยเกินไป (Domain-Specific Overuse),คำพื้นฐานในโดเมน ทำให้จำแนกต่ำ
พลายชุมพล,2,คำเฉพาะโดเมนที่พบบ่อยเกินไป (Domain-Specific Overuse),คำพื้นฐานในโดเมน ทำให้จำแนกต่ำ
วิถีชีวิต,2,คำเฉพาะโดเมนที่พบบ่อยเกินไป (Domain-Specific Overuse),คำพื้นฐานในโดเมน ทำให้จำแนกต่ำ
ประชิดตัว,2,คำเฉพาะโดเมนที่พบบ่อยเกินไป (Domain-Specific Overuse),คำพื้นฐานในโดเมน ทำให้จำแนกต่ำ
ทรงคุณค่า,3,คำเชิงนามธรรม หรือ คำเชิงประเมินค่า (Abstract or Evaluative Terms),แสดงคุณค่า/ความคิดเห็น
ความงดงาม,3,คำเชิงนามธรรม หรือ คำเชิงประเมินค่า (Abstract or Evaluative Terms),แสดงคุณค่า/ความคิดเห็น
เกษตรกรรม,3,คำเฉพาะโดเมนที่พบบ่อยเกินไป (Domain-Specific Overuse),คำพื้นฐานในโดเมน ทำให้จำแนกต่ำ
ความสง่างาม,1,คำเชิงนามธรรม หรือ คำเชิงประเมินค่า (Abstract or Evaluative Terms),แสดงคุณค่า/ความคิดเห็น
กตัญญู,2,คำที่มีความหมายกว้าง (Umbrella Terms),คำทั่วไป ใช้เป็นหมวดหมู่
การไถ,3,คำที่มีความหมายกว้าง (Umbrella Terms),คำทั่วไป ใช้เป็นหมวดหมู่
หนังใหญ่,3,คำเฉพาะโดเมนที่พบบ่อยเกินไป (Domain-Specific Overuse),คำพื้นฐานในโดเมน ทำให้จำแนกต่ำ
ที่รวม,0,คำที่มีความหมายกว้าง (Umbrella Terms),ใช้เป็นหมวดหมู่
ความห่วงใย,1,คำเชิงนามธรรม หรือ คำเชิงประเมินค่า (Abstract or Evaluative Terms),แสดงความรู้สึก/คุณค่า
บันเทิงใจ,1,คำเชิงนามธรรม หรือ คำเชิงประเมินค่า (Abstract or Evaluative Terms),แสดงความรู้สึก/คุณค่า
ดอกไม้,1,คำเฉพาะโดเมนที่พบบ่อยเกินไป (Domain-Specific Overuse),คำทั่วไปในโดเมน ทำให้จำแนกต่ำ
รัชกาล,1,คำเฉพาะโดเมนที่พบบ่อยเกินไป (Domain-Specific Overuse),คำทั่วไปในโดเมน ทำให้จำแนกต่ำ
พรหมาสตร์,1,คำเฉพาะโดเมนที่พบบ่อยเกินไป (Domain-Specific Overuse),คำทั่วไปในโดเมน ทำให้จำแนกต่ำ
สีน้ำเงิน,1,คำเฉพาะโดเมนที่พบบ่อยเกินไป (Domain-Specific Overuse),คำทั่วไปในโดเมน ทำให้จำแนกต่ำ
ทางธรรมชาติ,2,คำที่มีความหมายกว้าง (Umbrella Terms),ใช้เป็นหมวดหมู่
ตอนนี้,2,คำเชิงนามธรรม หรือ คำเชิงประเมินค่า (Abstract or Evaluative Terms),ใช้ในหลายบริบท
การละเล่นพื้นเมือง,2,คำเฉพาะโดเมนที่พบบ่อยเกินไป (Domain-Specific Overuse),คำทั่วไปในโดเมน ทำให้จำแนกต่ำ
นางสวาหะ,2,คำเฉพาะโดเมนที่พบบ่อยเกินไป (Domain-Specific Overuse),คำทั่วไปในโดเมน ทำให้จำแนกต่ำ
อุปราช,2,คำเฉพาะโดเมนที่พบบ่อยเกินไป (Domain-Specific Overuse),คำทั่วไปในโดเมน ทำให้จำแนกต่ำ
เดินทาง,2,คำเฉพาะโดเมนที่พบบ่อยเกินไป (Domain-Specific Overuse),คำทั่วไปในโดเมน ทำให้จำแนกต่ำ
ลายเส้น,2,คำเฉพาะโดเมนที่พบบ่อยเกินไป (Domain-Specific Overuse),คำทั่วไปในโดเมน ทำให้จำแนกต่ำ
นาฏศิลป์,3,คำเฉพาะโดเมนที่พบบ่อยเกินไป (Domain-Specific Overuse),คำทั่วไปในโดเมน ทำให้จำแนกต่ำ
นาฏศิลป์อินเดีย,3,คำเฉพาะโดเมนที่พบบ่อยเกินไป (Domain-Specific Overuse),คำทั่วไปในโดเมน ทำให้จำแนกต่ำ
ดอกไม้เงิน,3,คำเฉพาะโดเมนที่พบบ่อยเกินไป (Domain-Specific Overuse),คำทั่วไปในโดเมน ทำให้จำแนกต่ำ
ภาคเหนือ,3,คำเฉพาะโดเมนที่พบบ่อยเกินไป (Domain-Specific Overuse),คำทั่วไปในโดเมน ทำให้จำแนกต่ำ
เพลงคืนเดือนหงาย,3,คำเฉพาะโดเมนที่พบบ่อยเกินไป (Domain-Specific Overuse),คำทั่วไปในโดเมน ทำให้จำแนกต่ำ
ฤดูฝน,0,คำที่มีความหมายกว้าง (Umbrella Terms),ใช้เป็นหมวดหมู่ทั่วไป
เทพนิยาย,0,คำที่มีความหมายกว้าง (Umbrella Terms),คำทั่วไป ไม่ชี้เฉพาะเจาะจง
พวงมาลัย,0,คำที่มีความหมายกว้าง (Umbrella Terms),คำทั่วไป ไม่ชี้เฉพาะเจาะจง
ผู้ครองนคร,0,คำที่มีความหมายกว้าง (Umbrella Terms),คำทั่วไป ไม่ชี้เฉพาะเจาะจง
การเก็บใบชา,0,คำที่มีความหมายกว้าง (Umbrella Terms),คำทั่วไป ไม่ชี้เฉพาะเจาะจง
ภาพจำหลัก,0,คำที่มีความหมายกว้าง (Umbrella Terms),คำทั่วไป ไม่ชี้เฉพาะเจาะจง
เอกลักษณ์,1,คำที่มีความหมายกว้าง (Umbrella Terms),ใช้เป็นหมวดหมู่ทั่วไป
รักสนุก,1,คำเชิงนามธรรม หรือ คำเชิงประเมินค่า (Abstract or Evaluative Terms),แสดงความรู้สึก/คุณค่า
โดดเด่น,2,คำเชิงนามธรรม หรือ คำเชิงประเมินค่า (Abstract or Evaluative Terms),แสดงคุณค่า/ความคิดเห็น
เขาไกลลาศ,1,คำเฉพาะโดเมนที่พบบ่อยเกินไป (Domain-Specific Overuse),คำทั่วไปในบริบท
ไพร่พล,1,คำเฉพาะโดเมนที่พบบ่อยเกินไป (Domain-Specific Overuse),คำทั่วไปในบริบท
โอรส,2,คำที่มีความหมายกว้าง (Umbrella Terms),คำทั่วไป ไม่ชี้เฉพาะเจาะจง
ไทยอมรินทร์,2,คำที่มีความหมายกว้าง (Umbrella Terms),คำทั่วไป ไม่ชี้เฉพาะเจาะจง
กาญจนบุรี,2,คำที่มีความหมายกว้าง (Umbrella Terms),คำทั่วไป ไม่ชี้เฉพาะเจาะจง
ที่นั่ง,2,คำที่มีความหมายกว้าง (Umbrella Terms),คำทั่วไป ไม่ชี้เฉพาะเจาะจง
อารยธรรม,2,คำที่มีความหมายกว้าง (Umbrella Terms),คำทั่วไป ไม่ชี้เฉพาะเจาะจง
เล่นน้ำ,2,คำเฉพาะโดเมนที่พบบ่อยเกินไป (Domain-Specific Overuse),คำทั่วไปในบริบท
กิจวัตร,2,คำเฉพาะโดเมนที่พบบ่อยเกินไป (Domain-Specific Overuse),คำทั่วไปในบริบท
ฤดูกาล,3,คำที่มีความหมายกว้าง (Umbrella Terms),ใช้เป็นหมวดหมู่ทั่วไป
ความเชื่อ,0,คำเชิงนามธรรม หรือ คำเชิงประเมินค่า (Abstract or Evaluative Terms),แสดงแนวคิด/ความเชื่อ
ความรื่นเริง,1,คำเชิงนามธรรม หรือ คำเชิงประเมินค่า (Abstract or Evaluative Terms),แสดงความรู้สึก/คุณค่า
กิจการงาน,0,คำเฉพาะโดเมนที่พบบ่อยเกินไป (Domain-Specific Overuse),คำทั่วไปในบริบท
รจนา,1,คำเฉพาะโดเมนที่พบบ่อยเกินไป (Domain-Specific Overuse),คำทั่วไปในบริบท
นิลพาหุ,1,คำเฉพาะโดเมนที่พบบ่อยเกินไป (Domain-Specific Overuse),คำทั่วไปในบริบท
วังหน้า,2,คำที่มีความหมายกว้าง (Umbrella Terms),นามทั่วไป ใช้เป็นหมวดหมู่
ประเพณี,0,คำเฉพาะโดเมนที่พบบ่อยเกินไป (Domain-Specific Overuse),คำพื้นฐานในโดเมน ทำให้จำแนกต่ำ
มีความหมาย,1,คำเชิงนามธรรม หรือ คำเชิงประเมินค่า (Abstract or Evaluative Terms),แสดงแนวคิด/ความรู้สึก
เดินอากาศ,1,คำซ้ำซ้อน หรือ คำพ้องความหมาย (Redundant or Synonym),คำทั่วไปในบริบท
หน้าที่,3,คำซ้ำซ้อน หรือ คำพ้องความหมาย (Redundant or Synonym),คำทั่วไปในบริบท
ขั้นพื้นฐาน,1,คำซ้ำซ้อน หรือ คำพ้องความหมาย (Redundant or Synonym),คำทั่วไปในบริบท
หาทาง,3,คำซ้ำซ้อน หรือ คำพ้องความหมาย (Redundant or Synonym),คำทั่วไปในบริบท
ภาคใต้,3,คำซ้ำซ้อน หรือ คำพ้องความหมาย (Redundant or Synonym),คำทั่วไปในบริบท
กรมศิลปากร,3,คำซ้ำซ้อน หรือ คำพ้องความหมาย (Redundant or Synonym),คำทั่วไปในบริบท
ความกตัญญู,3,คำซ้ำซ้อน หรือ คำพ้องความหมาย (Redundant or Synonym),คำทั่วไปในบริบท
ศิลปะการแสดง,0,คำเฉพาะโดเมนที่พบบ่อยเกินไป (Domain-Specific Overuse),คำพื้นฐานในโดเมน ทำให้จำแนกต่ำ
พิธี,1,คำที่มีความหมายกว้าง (Umbrella Terms),คำทั่วไป ใช้เป็นหมวดหมู่
ความวิจิตร,1,คำเชิงนามธรรม หรือ คำเชิงประเมินค่า (Abstract or Evaluative Terms),แสดงคุณค่า/ความคิดเห็น
ลอยกระทง,1,คำเฉพาะโดเมนที่พบบ่อยเกินไป (Domain-Specific Overuse),คำพื้นฐานในโดเมน ทำให้จำแนกต่ำ
หลากหลาย,1,คำเฉพาะโดเมนที่พบบ่อยเกินไป (Domain-Specific Overuse),คำทั่วไป ใช้ได้หลายบริบท
ผู้มาเยือน,1,คำเฉพาะโดเมนที่พบบ่อยเกินไป (Domain-Specific Overuse),คำทั่วไป ใช้ได้หลายบริบท
การเกี้ยวพาราสี,1,คำเฉพาะโดเมนที่พบบ่อยเกินไป (Domain-Specific Overuse),คำพื้นฐานในโดเมน ทำให้จำแนกต่ำ
พื้นผิว,2,คำที่มีความหมายกว้าง (Umbrella Terms),คำทั่วไป ใช้เป็นหมวดหมู่
ความสมบูรณ์,2,คำเชิงนามธรรม หรือ คำเชิงประเมินค่า (Abstract or Evaluative Terms),แสดงแนวคิด/คุณค่า
ผึ่งแดด,2,คำเฉพาะโดเมนที่พบบ่อยเกินไป (Domain-Specific Overuse),คำพื้นฐานในโดเมน ทำให้จำแนกต่ำ
ไทยบรมพิมาน,2,คำเฉพาะโดเมนที่พบบ่อยเกินไป (Domain-Specific Overuse),คำพื้นฐานในโดเมน ทำให้จำแนกต่ำ
ศีรษะ,2,คำซ้ำซ้อน หรือ คำพ้องความหมาย (Redundant or Synonym),คำทั่วไป ใช้ได้หลายบริบท
แรงบันดาลใจ,3,คำเชิงนามธรรม หรือ คำเชิงประเมินค่า (Abstract or Evaluative Terms),แสดงแนวคิด/คุณค่า
โมโห,3,คำเชิงนามธรรม หรือ คำเชิงประเมินค่า (Abstract or Evaluative Terms),แสดงความรู้สึก/ความคิดเห็น
แบบอย่าง,3,คำเฉพาะโดเมนที่พบบ่อยเกินไป (Domain-Specific Overuse),คำทั่วไป ใช้ได้หลายบริบท
การทอ,3,คำเฉพาะโดเมนที่พบบ่อยเกินไป (Domain-Specific Overuse),คำพื้นฐานในโดเมน ทำให้จำแนกต่ำ
กาลสูร,3,คำซ้ำซ้อน หรือ คำพ้องความหมาย (Redundant or Synonym),คำทั่วไป ใช้ได้หลายบริบท
ความตระหนัก,1,คำเชิงนามธรรม หรือ คำเชิงประเมินค่า (Abstract or Evaluative Terms),แสดงแนวคิด/ความรู้สึก
ความรัก,1,คำเชิงนามธรรม หรือ คำเชิงประเมินค่า (Abstract or Evaluative Terms),แสดงแนวคิด/ความรู้สึก
ความเรียบง่าย,1,คำเชิงนามธรรม หรือ คำเชิงประเมินค่า (Abstract or Evaluative Terms),แสดงแนวคิด/ความรู้สึก
การอนุรักษ์,3,คำเฉพาะโดเมนที่พบบ่อยเกินไป (Domain-Specific Overuse),คำพื้นฐานในโดเมน ทำให้จำแนกต่ำ
นาฏกรรม,3,คำเฉพาะโดเมนที่พบบ่อยเกินไป (Domain-Specific Overuse),คำพื้นฐานในโดเมน ทำให้จำแนกต่ำ
กรับพวง,3,คำเฉพาะโดเมนที่พบบ่อยเกินไป (Domain-Specific Overuse),คำพื้นฐานในโดเมน ทำให้จำแนกต่ำ
ที่อยู่,2,คำที่มีความหมายกว้าง (Umbrella Terms),นามทั่วไป ใช้เป็นหมวดหมู่
คนไทย,2,คำที่มีความหมายกว้าง (Umbrella Terms),นามทั่วไป ใช้เป็นหมวดหมู่
ไทยจักรพรรดิ์,2,คำที่มีความหมายกว้าง (Umbrella Terms),นามทั่วไป ใช้เป็นหมวดหมู่
นครศรีธรรมราช,2,คำที่มีความหมายกว้าง (Umbrella Terms),นามทั่วไป ใช้เป็นหมวดหมู่
สมควร,1,คำเชิงนามธรรม หรือ คำเชิงประเมินค่า (Abstract or Evaluative Terms),แสดงแนวคิด/ความเชื่อ
ไม้ยาว,0,คำเฉพาะโดเมนที่พบบ่อยเกินไป (Domain-Specific Overuse),คำพื้นฐานในโดเมน ทำให้จำแนกต่ำ
มือขวา,2,คำเฉพาะโดเมนที่พบบ่อยเกินไป (Domain-Specific Overuse),คำพื้นฐานในโดเมน ทำให้จำแนกต่ำ
โอดิสสี,2,คำเฉพาะโดเมนที่พบบ่อยเกินไป (Domain-Specific Overuse),คำพื้นฐานในโดเมน ทำให้จำแนกต่ำ
วานร,1,คำเชิงนามธรรม หรือ คำเชิงประเมินค่า (Abstract or Evaluative Terms),แสดงแนวคิด/ความเชื่อ
ฟองน้ำ,1,คำเชิงนามธรรม หรือ คำเชิงประเมินค่า (Abstract or Evaluative Terms),แสดงแนวคิด/ความเชื่อ
นานาชาติ,1,คำเฉพาะโดเมนที่พบบ่อยเกินไป (Domain-Specific Overuse),คำพื้นฐานในโดเมน ทำให้จำแนกต่ำ
ผู้ใช้,0,คำที่มีความหมายกว้าง (Umbrella Terms),คำทั่วไป ไม่ชี้เฉพาะเจาะจง
ขึ้นไป,0,คำที่มีความหมายกว้าง (Umbrella Terms),คำทั่วไป ไม่ชี้เฉพาะเจาะจง
ไทภูเขา,0,คำที่มีความหมายกว้าง (Umbrella Terms),คำทั่วไป ไม่ชี้เฉพาะเจาะจง
ชามพูวราช,0,คำที่มีความหมายกว้าง (Umbrella Terms),คำทั่วไป ไม่ชี้เฉพาะเจาะจง
ไหล่เขา,0,คำที่มีความหมายกว้าง (Umbrella Terms),คำทั่วไป ไม่ชี้เฉพาะเจาะจง
แต่งกาย,0,คำที่มีความหมายกว้าง (Umbrella Terms),คำทั่วไป ไม่ชี้เฉพาะเจาะจง
ฤทธิ์เดช,0,คำที่มีความหมายกว้าง (Umbrella Terms),คำทั่วไป ไม่ชี้เฉพาะเจาะจง
สังหาร,0,คำที่มีความหมายกว้าง (Umbrella Terms),คำทั่วไป ไม่ชี้เฉพาะเจาะจง
ข่ายเพชร,0,คำที่มีความหมายกว้าง (Umbrella Terms),คำทั่วไป ไม่ชี้เฉพาะเจาะจง
สิ่งชั่วร้าย,1,คำเชิงนามธรรม หรือ คำเชิงประเมินค่า (Abstract or Evaluative Terms),แสดงแนวคิด/ความคิดเห็น
ความสำนึก,1,คำเชิงนามธรรม หรือ คำเชิงประเมินค่า (Abstract or Evaluative Terms),แสดงแนวคิด/ความคิดเห็น
คุณค่า,1,คำเชิงนามธรรม หรือ คำเชิงประเมินค่า (Abstract or Evaluative Terms),แสดงแนวคิด/ความคิดเห็น
งานแต่งงาน,1,คำเชิงนามธรรม หรือ คำเชิงประเมินค่า (Abstract or Evaluative Terms),คำทั่วไป ไม่ชี้เฉพาะเจาะจง
รูปนอก,1,คำเชิงนามธรรม หรือ คำเชิงประเมินค่า (Abstract or Evaluative Terms),คำทั่วไป ไม่ชี้เฉพาะเจาะจง
พระลักษมณ์,1,คำเฉพาะโดเมนที่พบบ่อยเกินไป (Domain-Specific Overuse),คำพื้นฐานในโดเมน ทำให้จำแนกต่ำ
เป็นครั้งแรก,1,คำเฉพาะโดเมนที่พบบ่อยเกินไป (Domain-Specific Overuse),คำทั่วไป ไม่ชี้เฉพาะเจาะจง
รามสูร,2,คำที่มีความหมายกว้าง (Umbrella Terms),คำทั่วไป ไม่ชี้เฉพาะเจาะจง
ศิลปะ,3,คำเฉพาะโดเมนที่พบบ่อยเกินไป (Domain-Specific Overuse),คำพื้นฐานในโดเมน ทำให้จำแนกต่ำ
วัฒนธรรม,0,คำเฉพาะโดเมนที่พบบ่อยเกินไป (Domain-Specific Overuse),คำพื้นฐานในโดเมน ทำให้จำแนกต่ำ
เพลงไทย,3,คำเฉพาะโดเมนที่พบบ่อยเกินไป (Domain-Specific Overuse),คำพื้นฐานในโดเมน ทำให้จำแนกต่ำ
ละครดึกดำบรรพ์,0,คำเฉพาะโดเมนที่พบบ่อยเกินไป (Domain-Specific Overuse),คำพื้นฐานในโดเมน ทำให้จำแนกต่ำ
เป็นต้นแบบ,3,คำเฉพาะโดเมนที่พบบ่อยเกินไป (Domain-Specific Overuse),คำพื้นฐานในโดเมน ทำให้จำแนกต่ำ
จารึก,3,คำเฉพาะโดเมนที่พบบ่อยเกินไป (Domain-Specific Overuse),คำพื้นฐานในโดเมน ทำให้จำแนกต่ำ
บทร้อง,3,คำเฉพาะโดเมนที่พบบ่อยเกินไป (Domain-Specific Overuse),คำพื้นฐานในโดเมน ทำให้จำแนกต่ำ
มงคล,1,คำเชิงนามธรรม หรือ คำเชิงประเมินค่า (Abstract or Evaluative Terms),แสดงคุณค่า/ความคิดเห็น
กลุ่มชน,2,คำที่มีความหมายกว้าง (Umbrella Terms),นามทั่วไป ใช้เป็นหมวดหมู่
ค่านิยม,1,คำเชิงนามธรรม หรือ คำเชิงประเมินค่า (Abstract or Evaluative Terms),แสดงแนวคิด/ความคิดเห็น
งานรื่นเริง,2,คำเฉพาะโดเมนที่พบบ่อยเกินไป (Domain-Specific Overuse),คำพื้นฐานในโดเมน ทำให้จำแนกต่ำ
ดินแดน,0,คำที่มีความหมายกว้าง (Umbrella Terms),นามทั่วไป ใช้เป็นหมวดหมู่
