word,definition,lvl1,lvl2,lvl3,entity_type,context_tag
คู่ต่อสู้,บุคคลที่มีบทบาทในการต่อสู้หรือแข่งขันกับตัวละครหลัก,วรรณคดีและสิ่งมีชีวิตเชิงตำนาน,นามานุกรมและประเภทตัวละคร,ตัวละครหลักและบทบาทในบทละคร,character,performing_arts
เจ้าหญิง,หญิงที่มีฐานันดรศักดิ์สูงในสังคม,วรรณคดีและสิ่งมีชีวิตเชิงตำนาน,สถานภาพและลำดับชั้นทางสังคมในวรรณกรรม,ฐานันดรศักดิ์และระบบเครือญาติ,concept,general
เชษฐา,พี่ชายในบริบทของความสัมพันธ์ทางครอบครัว,วรรณคดีและสิ่งมีชีวิตเชิงตำนาน,สถานภาพและลำดับชั้นทางสังคมในวรรณกรรม,ฐานันดรศักดิ์และระบบเครือญาติ,concept,general
อินทราภิเษก,ชื่อของเทพในวรรณกรรมไทยที่มีบทบาทสำคัญ,วรรณคดีและสิ่งมีชีวิตเชิงตำนาน,นามานุกรมและประเภทตัวละคร,เทวปกรณ์ อสูร และอมนุษย์,character,performing_arts
จับนาง,การกระทำที่เกี่ยวข้องกับการจับตัวหญิงสาวในบริบทของวรรณกรรม,วรรณคดีและสิ่งมีชีวิตเชิงตำนาน,นามานุกรมและประเภทตัวละคร,เทวปกรณ์ อสูร และอมนุษย์,character,performing_arts
ขุนช้าง,ตัวละครหลักในวรรณกรรมที่มีบทบาทสำคัญ,วรรณคดีและสิ่งมีชีวิตเชิงตำนาน,นามานุกรมและประเภทตัวละคร,ตัวละครหลักและบทบาทในบทละคร,character,performing_arts
ติดมือ,การกระทำที่เกี่ยวข้องกับการถือหรือเก็บสิ่งของ,วรรณคดีและสิ่งมีชีวิตเชิงตำนาน,นามานุกรมและประเภทตัวละคร,เทวปกรณ์ อสูร และอมนุษย์,character,performing_arts
ศรนาคบาศ,อาวุธที่มีความสำคัญในวรรณกรรมไทย,วรรณคดีและสิ่งมีชีวิตเชิงตำนาน,นามานุกรมและประเภทตัวละคร,เทวปกรณ์ อสูร และอมนุษย์,character,performing_arts
ตารีบุหงา,ชื่อของตัวละครในวรรณกรรมที่มีบทบาทสำคัญ,วรรณคดีและสิ่งมีชีวิตเชิงตำนาน,นามานุกรมและประเภทตัวละคร,ตัวละครหลักและบทบาทในบทละคร,character,performing_arts
ปรศุราม,ตัวละครในวรรณกรรมที่มีบทบาทสำคัญ,วรรณคดีและสิ่งมีชีวิตเชิงตำนาน,นามานุกรมและประเภทตัวละคร,ตัวละครหลักและบทบาทในบทละคร,character,performing_arts
เครื่องแบบ,ชุดที่ใช้ในการแสดงหรือพิธีกรรม,วัฒนธรรมวัตถุ ศิลปกรรม และงานช่าง,พัสตราภรณ์และเครื่องแต่งกาย,ระเบียบการแต่งกายและอาวุธจำลอง,artifact,material_culture
เพลงกลม,ประเภทของเพลงที่มีทำนองกลมกลืน,ศิลปะการแสดงและดนตรี,ดุริยางคศิลป์และคีตศิลป์,ระเบียบวิธีทางดนตรีและประเภทบทเพลง,music,performing_arts
สีทอง,สีที่มีความหมายถึงความมั่งคั่งและอำนาจ,วัฒนธรรมวัตถุ ศิลปกรรม และงานช่าง,วัสดุและอัญมณี,วัสดุธรรมชาติและรัตนชาติ,artifact,material_culture
ปราชัย,การแพ้ในการแข่งขันหรือการต่อสู้,วรรณคดีและสิ่งมีชีวิตเชิงตำนาน,นามานุกรมและประเภทตัวละคร,เทวปกรณ์ อสูร และอมนุษย์,character,performing_arts
นครพนม,ชื่อสถานที่ในประเทศไทยที่มีความสำคัญทางประวัติศาสตร์,บริบทเชิงประวัติศาสตร์ ภูมิศาสตร์ และพื้นที่,ภูมิศาสตร์และอาณาบริเวณ,เขตปกครองและภูมิภาค,place,historical_spatial
จีนรำพัด,การแสดงที่ใช้พัดเป็นอุปกรณ์ประกอบในการรำ,ศิลปะการแสดงและดนตรี,นาฏยศิลป์และการแสดง,รูปแบบการแสดงและนาฏศิลป์ท้องถิ่น,music,performing_arts
สวามี,คำเรียกผู้เป็นสามีในบริบททางศาสนาและวรรณกรรม,วรรณคดีและสิ่งมีชีวิตเชิงตำนาน,นามานุกรมและประเภทตัวละคร,ตัวละครหลักและบทบาทในบทละคร,character,performing_arts
ไทยจิตรลดา,ชื่อของพระราชวังที่สำคัญในประเทศไทย,บริบทเชิงประวัติศาสตร์ ภูมิศาสตร์ และพื้นที่,พื้นที่ทางวัฒนธรรมและสถาบัน,สถานที่จัดแสดงและเขตพระราชฐาน,place,historical_spatial
เถิดเทิง,คำที่ใช้เรียกความสนุกสนานหรือความรื่นเริง,พิธีกรรม ความเชื่อ และจารีตวัฒนธรรม,จารีตประเพณีและพิธีกรรม,พิธีการสำคัญและจารีตทางสังคม,ritual,ritual_belief
ระดับชาติ,คำที่ใช้บ่งบอกถึงความสำคัญในระดับประเทศ,บริบทเชิงประวัติศาสตร์ ภูมิศาสตร์ และพื้นที่,ภูมิศาสตร์และอาณาบริเวณ,เขตปกครองและภูมิภาค,place,historical_spatial
อนุชา,คำเรียกน้องชายในบริบททางสังคม,วรรณคดีและสิ่งมีชีวิตเชิงตำนาน,สถานภาพและลำดับชั้นทางสังคมในวรรณกรรม,ฐานันดรศักดิ์และระบบเครือญาติ,concept,general
ตัวต่อตัว,การพบกันแบบตรงๆ ระหว่างบุคคลสองคน,กลุ่มชาติพันธุ์ ชุมชน และวิถีชีวิต,วิถีชีวิตและพฤติกรรมทางสังคม,จารีตการปฏิบัติและพรรณไม้ในวิถีชีวิต,community,community_life
อิเหนา,ตัวละครในวรรณกรรมที่มีชื่อเสียงในวรรณคดีไทย,วรรณคดีและสิ่งมีชีวิตเชิงตำนาน,นามานุกรมและประเภทตัวละคร,ตัวละครหลักและบทบาทในบทละคร,character,performing_arts
แต่งกายยืนเครื่องพระ,การแต่งกายที่ใช้ในพิธีกรรมทางศาสนา,พิธีกรรม ความเชื่อ และจารีตวัฒนธรรม,จารีตประเพณีและพิธีกรรม,พิธีการสำคัญและจารีตทางสังคม,ritual,ritual_belief
พลับพลา,อาคารหรือสถานที่ที่ใช้ในการจัดพิธีกรรม,วัฒนธรรมวัตถุ ศิลปกรรม และงานช่าง,สถาปัตยกรรมและพุทธศิลป์,ศาสนสถานและปูชนียวัตถุ,artifact,material_culture
ผีภู,สิ่งศักดิ์สิทธิ์ในความเชื่อของคนไทย,พิธีกรรม ความเชื่อ และจารีตวัฒนธรรม,ระบบความเชื่อและศาสนา,คติทางศาสนาและสิ่งศักดิ์สิทธิ์,deity,ritual_belief
สุครีพ,ตัวละครในวรรณกรรมที่มีบทบาทสำคัญ,วรรณคดีและสิ่งมีชีวิตเชิงตำนาน,นามานุกรมและประเภทตัวละคร,ตัวละครหลักและบทบาทในบทละคร,character,performing_arts
วาจา,คำพูดหรือการสื่อสารที่มีความหมาย,กลุ่มชาติพันธุ์ ชุมชน และวิถีชีวิต,วิถีชีวิตและพฤติกรรมทางสังคม,จารีตการปฏิบัติและพรรณไม้ในวิถีชีวิต,community,community_life
ขับลำ,การร้องเพลงหรือการแสดงที่มีทำนอง,ศิลปะการแสดงและดนตรี,ดุริยางคศิลป์และคีตศิลป์,ระเบียบวิธีทางดนตรีและประเภทบทเพลง,music,performing_arts
ไหว้ครู,พิธีกรรมที่แสดงความเคารพต่อครูบาอาจารย์,พิธีกรรม ความเชื่อ และจารีตวัฒนธรรม,จารีตประเพณีและพิธีกรรม,พิธีการสำคัญและจารีตทางสังคม,ritual,ritual_belief
แต่งตัว,การเลือกสวมใส่เสื้อผ้าและเครื่องประดับเพื่อความสวยงาม,วัฒนธรรมวัตถุ ศิลปกรรม และงานช่าง,พัสตราภรณ์และเครื่องแต่งกาย,ระเบียบการแต่งกายและอาวุธจำลอง,artifact,material_culture
หญิงสาว,ผู้หญิงที่อยู่ในวัยหนุ่มสาว,กลุ่มชาติพันธุ์ ชุมชน และวิถีชีวิต,อัตลักษณ์ทางสังคมและกลุ่มคน,กลุ่มชาติพันธุ์และชุมชนท้องถิ่น,community,community_life
ศิลปะป้องกันตัว,การฝึกฝนทักษะเพื่อป้องกันตนเองจากการถูกทำร้าย,กลุ่มชาติพันธุ์ ชุมชน และวิถีชีวิต,วิถีชีวิตและพฤติกรรมทางสังคม,จารีตการปฏิบัติและพรรณไม้ในวิถีชีวิต,community,community_life
นักษัตร,ผู้ที่มีความรู้เกี่ยวกับการดูดาวและการคำนวณเวลา,บริบทเชิงประวัติศาสตร์ ภูมิศาสตร์ และพื้นที่,ภูมิศาสตร์และอาณาบริเวณ,เขตปกครองและภูมิภาค,place,historical_spatial
ชุมนุม,การรวมตัวของกลุ่มคนเพื่อวัตถุประสงค์บางอย่าง,กลุ่มชาติพันธุ์ ชุมชน และวิถีชีวิต,โครงสร้างสังคมและบุคคลสำคัญ,ฐานันดรศักดิ์และบทบาททางสังคม,community,community_life
วิรุณจำบัง,ชื่อของเทพในวรรณกรรมไทยที่เกี่ยวข้องกับการเกษตร,วรรณคดีและสิ่งมีชีวิตเชิงตำนาน,นามานุกรมและประเภทตัวละคร,เทวปกรณ์ อสูร และอมนุษย์,character,performing_arts
สี่ภาค,การแบ่งภูมิประเทศของประเทศไทยออกเป็นสี่ภูมิภาค,บริบทเชิงประวัติศาสตร์ ภูมิศาสตร์ และพื้นที่,ภูมิศาสตร์และอาณาบริเวณ,เขตปกครองและภูมิภาค,place,historical_spatial
พระพุทธรูป,รูปปั้นหรือภาพของพระพุทธเจ้าในศาสนาพุทธ,วัฒนธรรมวัตถุ ศิลปกรรม และงานช่าง,สถาปัตยกรรมและพุทธศิลป์,ศาสนสถานและปูชนียวัตถุ,artifact,material_culture
สุรินทร์,ชื่อจังหวัดหนึ่งในประเทศไทยที่มีวัฒนธรรมเฉพาะ,บริบทเชิงประวัติศาสตร์ ภูมิศาสตร์ และพื้นที่,ภูมิศาสตร์และอาณาบริเวณ,เขตปกครองและภูมิภาค,place,historical_spatial
ภูเขา,พื้นที่สูงที่เกิดจากการยกตัวของเปลือกโลก,บริบทเชิงประวัติศาสตร์ ภูมิศาสตร์ และพื้นที่,ภูมิศาสตร์และอาณาบริเวณ,เขตปกครองและภูมิภาค,place,historical_spatial
เข้าเฝ้า,การเข้าไปพบหรือกราบไหว้ผู้มีอำนาจหรือผู้สูงศักดิ์,พิธีกรรม ความเชื่อ และจารีตวัฒนธรรม,จารีตประเพณีและพิธีกรรม,พิธีการสำคัญและจารีตทางสังคม,ritual,ritual_belief
วาดภาพ,การสร้างภาพโดยใช้วัสดุเช่นสีหรือดินสอ,ศิลปะการแสดงและดนตรี,นาฏยศิลป์และการแสดง,กระบวนท่ารำและจารีตการแสดง,music,performing_arts
เพลงรำซิมารำ,เพลงที่ใช้ประกอบการรำในวัฒนธรรมไทย,ศิลปะการแสดงและดนตรี,ดุริยางคศิลป์และคีตศิลป์,ระเบียบวิธีทางดนตรีและประเภทบทเพลง,music,performing_arts
ฝั่งน้ำ,พื้นที่ที่อยู่ติดกับน้ำ เช่น แม่น้ำหรือทะเล,บริบทเชิงประวัติศาสตร์ ภูมิศาสตร์ และพื้นที่,ภูมิศาสตร์และอาณาบริเวณ,เขตปกครองและภูมิภาค,place,historical_spatial
มือเปล่า,การทำสิ่งใดสิ่งหนึ่งโดยไม่มีอุปกรณ์หรือเครื่องมือ,กลุ่มชาติพันธุ์ ชุมชน และวิถีชีวิต,วิถีชีวิตและระบบเศรษฐกิจ,การประกอบอาชีพและโภชนาการ,community,community_life
พระเจ้าบรมวงศ์เธอกรมพระนราธิปประพันธ์พงศ์,พระเจ้าบรมวงศ์เธอกรมพระนราธิปประพันธ์พงศ์ เป็นพระราชโอรสในพระบาทสมเด็จพระจอมเกล้าเจ้าอยู่หัว,บริบทเชิงประวัติศาสตร์ ภูมิศาสตร์ และพื้นที่,ยุคสมัยและเหตุการณ์สำคัญ,ลำดับเวลาและประวัติศาสตร์การสงคราม,concept,historical_spatial
สมัยลพบุรี,สมัยลพบุรี เป็นยุคหนึ่งในประวัติศาสตร์ไทยที่มีความสำคัญทางวัฒนธรรมและศิลปกรรม,บริบทเชิงประวัติศาสตร์ ภูมิศาสตร์ และพื้นที่,ยุคสมัยและเหตุการณ์สำคัญ,ลำดับเวลาและประวัติศาสตร์การสงคราม,concept,historical_spatial
แผ่อิทธิพล,การขยายอำนาจหรืออิทธิพลในด้านต่างๆ เช่น การเมืองหรือวัฒนธรรม,บริบทเชิงประวัติศาสตร์ ภูมิศาสตร์ และพื้นที่,ยุคสมัยและเหตุการณ์สำคัญ,ลำดับเวลาและประวัติศาสตร์การสงคราม,concept,historical_spatial
การศึก,การต่อสู้หรือสงครามระหว่างกลุ่มหรือประเทศ,บริบทเชิงประวัติศาสตร์ ภูมิศาสตร์ และพื้นที่,ยุคสมัยและเหตุการณ์สำคัญ,ลำดับเวลาและประวัติศาสตร์การสงคราม,concept,historical_spatial
ต้นรัง,ต้นไม้ชนิดหนึ่งที่มีความสำคัญในวรรณกรรมและวัฒนธรรมไทย,กลุ่มชาติพันธุ์ ชุมชน และวิถีชีวิต,วิถีชีวิตและพฤติกรรมทางสังคม,จารีตการปฏิบัติและพรรณไม้ในวิถีชีวิต,community,community_life
สำเภา,เรือประเภทหนึ่งที่ใช้ในการค้าขายทางน้ำในอดีต,กลุ่มชาติพันธุ์ ชุมชน และวิถีชีวิต,วิถีชีวิตและระบบเศรษฐกิจ,การประกอบอาชีพและโภชนาการ,community,community_life
กลองยาว,เครื่องดนตรีประเภทหนึ่งที่ใช้ในการแสดงและพิธีกรรม,ศิลปะการแสดงและดนตรี,นาฏยศิลป์และการแสดง,กระบวนท่ารำและจารีตการแสดง,music,performing_arts
นายขวัญ,บุคคลที่มีบทบาทสำคัญในพิธีกรรมหรือความเชื่อ,พิธีกรรม ความเชื่อ และจารีตวัฒนธรรม,ระบบความเชื่อและศาสนา,คติทางศาสนาและสิ่งศักดิ์สิทธิ์,deity,ritual_belief
ไส้กะลา,วัสดุที่ใช้ในการทำเครื่องดนตรีหรือของใช้ในชีวิตประจำวัน,วัฒนธรรมวัตถุ ศิลปกรรม และงานช่าง,วัสดุและอัญมณี,วัสดุธรรมชาติและรัตนชาติ,artifact,material_culture
ได้ยิน,การรับรู้เสียงหรือข้อมูลจากสิ่งรอบตัว,กลุ่มชาติพันธุ์ ชุมชน และวิถีชีวิต,วิถีชีวิตและพฤติกรรมทางสังคม,จารีตการปฏิบัติและพรรณไม้ในวิถีชีวิต,community,community_life
มารดา,ผู้ให้กำเนิดหรือผู้ดูแลเด็กในครอบครัว,กลุ่มชาติพันธุ์ ชุมชน และวิถีชีวิต,โครงสร้างสังคมและบุคคลสำคัญ,ฐานันดรศักดิ์และบทบาททางสังคม,community,community_life
มรกต,อัญมณีชนิดหนึ่งที่มีค่าและใช้ในการประดับ,วัฒนธรรมวัตถุ ศิลปกรรม และงานช่าง,วัสดุและอัญมณี,วัสดุธรรมชาติและรัตนชาติ,artifact,material_culture
พระบาทสมเด็จพระจอมเกล้าเจ้าอยู่หัว,พระมหากษัตริย์ไทยที่มีบทบาทสำคัญในประวัติศาสตร์,บริบทเชิงประวัติศาสตร์ ภูมิศาสตร์ และพื้นที่,ยุคสมัยและเหตุการณ์สำคัญ,ลำดับเวลาและประวัติศาสตร์การสงคราม,concept,historical_spatial
สิ่งศักดิ์สิทธิ์,วัตถุหรือสถานที่ที่มีความเชื่อว่ามีอำนาจเหนือธรรมชาติ,พิธีกรรม ความเชื่อ และจารีตวัฒนธรรม,ระบบความเชื่อและศาสนา,คติทางศาสนาและสิ่งศักดิ์สิทธิ์,deity,ritual_belief
กสิกรรม,การทำเกษตรกรรมหรือการเพาะปลูก,กลุ่มชาติพันธุ์ ชุมชน และวิถีชีวิต,วิถีชีวิตและระบบเศรษฐกิจ,การประกอบอาชีพและโภชนาการ,community,community_life
เพทาย,ชื่อเทพในวรรณกรรมไทยที่มีบทบาทสำคัญ,วรรณคดีและสิ่งมีชีวิตเชิงตำนาน,นามานุกรมและประเภทตัวละคร,เทวปกรณ์ อสูร และอมนุษย์,character,performing_arts
เครื่องดนตรีตะวันตก,เครื่องดนตรีที่มีต้นกำเนิดจากประเทศในทวีปยุโรป,ศิลปะการแสดงและดนตรี,ดุริยางคศิลป์และคีตศิลป์,เครื่องดนตรีและวงดนตรี,music,performing_arts
ขึ้นทะเบียน,การบันทึกหรือจัดเก็บข้อมูลเพื่อการรับรอง,บริบทเชิงประวัติศาสตร์ ภูมิศาสตร์ และพื้นที่,ภูมิศาสตร์และอาณาบริเวณ,เขตปกครองและภูมิภาค,place,historical_spatial
สังข์ทอง,ตัวละครในวรรณกรรมไทยที่มีความสำคัญในเรื่องราว,วรรณคดีและสิ่งมีชีวิตเชิงตำนาน,นามานุกรมและประเภทตัวละคร,ตัวละครหลักและบทบาทในบทละคร,character,performing_arts
เทพบุตร,ชื่อเรียกของเทพที่มีลักษณะเป็นชาย,วรรณคดีและสิ่งมีชีวิตเชิงตำนาน,นามานุกรมและประเภทตัวละคร,เทวปกรณ์ อสูร และอมนุษย์,character,performing_arts
มโนห์รา,ตัวละครหญิงในวรรณกรรมไทยที่มีความงามและความสามารถ,วรรณคดีและสิ่งมีชีวิตเชิงตำนาน,นามานุกรมและประเภทตัวละคร,ตัวละครหลักและบทบาทในบทละคร,character,performing_arts
เพลงสากล,เพลงที่มีความนิยมและแพร่หลายทั่วโลก,ศิลปะการแสดงและดนตรี,ดุริยางคศิลป์และคีตศิลป์,ระเบียบวิธีทางดนตรีและประเภทบทเพลง,music,performing_arts
บุหรงซีงอ,ชื่อของอาหารไทยที่มีลักษณะเฉพาะ,กลุ่มชาติพันธุ์ ชุมชน และวิถีชีวิต,วิถีชีวิตและระบบเศรษฐกิจ,การประกอบอาชีพและโภชนาการ,community,community_life
สุทธาวาส,สถานที่ในคติความเชื่อที่เกี่ยวข้องกับความบริสุทธิ์,พิธีกรรม ความเชื่อ และจารีตวัฒนธรรม,ระบบความเชื่อและศาสนา,คติทางศาสนาและสิ่งศักดิ์สิทธิ์,deity,ritual_belief
อาหาร,สิ่งที่บริโภคเพื่อการยังชีพ,กลุ่มชาติพันธุ์ ชุมชน และวิถีชีวิต,วิถีชีวิตและระบบเศรษฐกิจ,การประกอบอาชีพและโภชนาการ,community,community_life
ปางลีลา,ท่าทางหรือรูปแบบการแสดงในศิลปะการแสดง,ศิลปะการแสดงและดนตรี,นาฏยศิลป์และการแสดง,กระบวนท่ารำและจารีตการแสดง,music,performing_arts
เขาอังกาศ,ชื่อสถานที่ในวรรณกรรมไทยที่มีความสำคัญ,บริบทเชิงประวัติศาสตร์ ภูมิศาสตร์ และพื้นที่,ภูมิศาสตร์และอาณาบริเวณ,พื้นที่ในคติความเชื่อและประวัติศาสตร์,concept,historical_spatial
พระยา,ฐานันดรศักดิ์ในสังคมไทยที่มีความสำคัญ,กลุ่มชาติพันธุ์ ชุมชน และวิถีชีวิต,โครงสร้างสังคมและบุคคลสำคัญ,ฐานันดรศักดิ์และบทบาททางสังคม,community,community_life
กรุงเทพมหานคร,เมืองหลวงของประเทศไทยที่มีความสำคัญทางประวัติศาสตร์,บริบทเชิงประวัติศาสตร์ ภูมิศาสตร์ และพื้นที่,ภูมิศาสตร์และอาณาบริเวณ,เขตปกครองและภูมิภาค,deity,historical_spatial
ไทยรามัญ,กลุ่มชาติพันธุ์ที่มีวัฒนธรรมและประเพณีเฉพาะ,กลุ่มชาติพันธุ์ ชุมชน และวิถีชีวิต,อัตลักษณ์ทางสังคมและกลุ่มคน,กลุ่มชาติพันธุ์และชุมชนท้องถิ่น,community,community_life
ละครชาตรี,การแสดงที่มีลักษณะเฉพาะของไทย ซึ่งรวมถึงการรำและการเล่าเรื่อง,ศิลปะการแสดงและดนตรี,นาฏยศิลป์และการแสดง,รูปแบบการแสดงและนาฏศิลป์ท้องถิ่น,music,performing_arts
พระอุโบสถ,อาคารที่ใช้สำหรับประกอบพิธีกรรมทางศาสนาในพระพุทธศาสนา,วัฒนธรรมวัตถุ ศิลปกรรม และงานช่าง,สถาปัตยกรรมและพุทธศิลป์,ศาสนสถานและปูชนียวัตถุ,artifact,material_culture
มีแบบแผน,การมีระเบียบหรือโครงสร้างที่ชัดเจน,กลุ่มชาติพันธุ์ ชุมชน และวิถีชีวิต,วิถีชีวิตและพฤติกรรมทางสังคม,จารีตการปฏิบัติและพรรณไม้ในวิถีชีวิต,community,community_life
หล่อสำริด,การสร้างงานศิลปะหรือวัตถุด้วยโลหะสำริด,วัฒนธรรมวัตถุ ศิลปกรรม และงานช่าง,ประณีตศิลป์และทัศนศิลป์,งานช่างศิลปกรรมและเทคนิควิธี,artifact,material_culture
เจ้าที่เจ้าทาง,สิ่งศักดิ์สิทธิ์ที่เชื่อว่าคุ้มครองสถานที่,พิธีกรรม ความเชื่อ และจารีตวัฒนธรรม,ระบบความเชื่อและศาสนา,คติทางศาสนาและสิ่งศักดิ์สิทธิ์,deity,ritual_belief
ราชสำนัก,สถานที่ที่ใช้สำหรับการปกครองและกิจกรรมของพระมหากษัตริย์,บริบทเชิงประวัติศาสตร์ ภูมิศาสตร์ และพื้นที่,พื้นที่ทางวัฒนธรรมและสถาบัน,สถานที่จัดแสดงและเขตพระราชฐาน,place,historical_spatial
นนทก,ตัวละครในวรรณกรรมไทยที่มีลักษณะเป็นอสูร,วรรณคดีและสิ่งมีชีวิตเชิงตำนาน,นามานุกรมและประเภทตัวละคร,เทวปกรณ์ อสูร และอมนุษย์,character,performing_arts
มังกรกัณฐ์,ตัวละครในวรรณกรรมไทยที่มีลักษณะเป็นมังกร,วรรณคดีและสิ่งมีชีวิตเชิงตำนาน,นามานุกรมและประเภทตัวละคร,เทวปกรณ์ อสูร และอมนุษย์,character,performing_arts
เพลงสำเนียงลาว,เพลงที่มีลักษณะเฉพาะของชาวลาว,ศิลปะการแสดงและดนตรี,ดุริยางคศิลป์และคีตศิลป์,ระเบียบวิธีทางดนตรีและประเภทบทเพลง,music,performing_arts
ฮินดู,ศาสนาที่มีต้นกำเนิดจากอินเดียและมีความเชื่อเกี่ยวกับเทพเจ้า,พิธีกรรม ความเชื่อ และจารีตวัฒนธรรม,ระบบความเชื่อและศาสนา,คติทางศาสนาและสิ่งศักดิ์สิทธิ์,deity,ritual_belief
ของป่า,ทรัพยากรธรรมชาติที่ได้จากป่า,กลุ่มชาติพันธุ์ ชุมชน และวิถีชีวิต,วิถีชีวิตและระบบเศรษฐกิจ,การประกอบอาชีพและโภชนาการ,community,community_life
พราหมณ์,ผู้ที่มีบทบาทสำคัญในศาสนาฮินดูและการประกอบพิธีกรรม,พิธีกรรม ความเชื่อ และจารีตวัฒนธรรม,ระบบความเชื่อและศาสนา,คติทางศาสนาและสิ่งศักดิ์สิทธิ์,deity,ritual_belief
วิดน้ำ,การทำพิธีกรรมเพื่อขอความเป็นสิริมงคล,พิธีกรรม ความเชื่อ และจารีตวัฒนธรรม,จารีตประเพณีและพิธีกรรม,พิธีการสำคัญและจารีตทางสังคม,ritual,ritual_belief
รับอาสา,การสมัครใจทำหน้าที่หรือภารกิจที่ได้รับมอบหมาย,กลุ่มชาติพันธุ์ ชุมชน และวิถีชีวิต,โครงสร้างสังคมและบุคคลสำคัญ,ฐานันดรศักดิ์และบทบาททางสังคม,community,community_life
อสูร,ตัวละครในวรรณกรรมที่มีลักษณะเป็นปีศาจหรือสิ่งชั่วร้าย,วรรณคดีและสิ่งมีชีวิตเชิงตำนาน,นามานุกรมและประเภทตัวละคร,เทวปกรณ์ อสูร และอมนุษย์,character,performing_arts
โบราณวัตถุ,วัตถุที่มีอายุเก่าแก่และมีคุณค่าทางประวัติศาสตร์หรือศิลปกรรม,วัฒนธรรมวัตถุ ศิลปกรรม และงานช่าง,ประณีตศิลป์และทัศนศิลป์,งานช่างศิลปกรรมและเทคนิควิธี,artifact,historical_spatial
นางเอก,ตัวละครหญิงที่มีบทบาทสำคัญในเรื่องราวหรือบทละคร,วรรณคดีและสิ่งมีชีวิตเชิงตำนาน,นามานุกรมและประเภทตัวละคร,เทวปกรณ์ อสูร และอมนุษย์,character,performing_arts
มโนราห์,การแสดงพื้นบ้านที่มีลักษณะเฉพาะของไทย โดยมักมีการรำและการร้องเพลง,ศิลปะการแสดงและดนตรี,นาฏยศิลป์และการแสดง,กระบวนท่ารำและจารีตการแสดง,music,performing_arts
แกล้งทำ,การกระทำที่แสดงออกเพื่อหลอกลวงหรือทำให้ผู้อื่นเข้าใจผิด,กลุ่มชาติพันธุ์ ชุมชน และวิถีชีวิต,วิถีชีวิตและพฤติกรรมทางสังคม,จารีตการปฏิบัติและพรรณไม้ในวิถีชีวิต,community,community_life
องค์ปะตาระกาหลา,ชื่อของเทพหรือสิ่งศักดิ์สิทธิ์ในวรรณกรรมไทย,วรรณคดีและสิ่งมีชีวิตเชิงตำนาน,นามานุกรมและประเภทตัวละคร,เทวปกรณ์ อสูร และอมนุษย์,character,performing_arts
สมัยศรีวิชัย,ยุคสมัยหนึ่งในประวัติศาสตร์ไทยที่มีความสำคัญทางวัฒนธรรมและการค้า,บริบทเชิงประวัติศาสตร์ ภูมิศาสตร์ และพื้นที่,ยุคสมัยและเหตุการณ์สำคัญ,ลำดับเวลาและประวัติศาสตร์การสงคราม,concept,historical_spatial
สัตว์น้ำ,สัตว์ที่อาศัยอยู่ในน้ำ เช่น ปลา หรือสัตว์น้ำอื่นๆ,กลุ่มชาติพันธุ์ ชุมชน และวิถีชีวิต,วิถีชีวิตและระบบเศรษฐกิจ,การประกอบอาชีพและโภชนาการ,community,community_life
ศิลปหัตถกรรม,งานศิลปะที่สร้างขึ้นด้วยมือ โดยใช้ทักษะและเทคนิคเฉพาะ,วัฒนธรรมวัตถุ ศิลปกรรม และงานช่าง,ประณีตศิลป์และทัศนศิลป์,งานช่างศิลปกรรมและเทคนิควิธี,artifact,material_culture
สายสืบ,บุคคลที่ทำหน้าที่สืบค้นข้อมูลหรือข่าวสาร,กลุ่มชาติพันธุ์ ชุมชน และวิถีชีวิต,โครงสร้างสังคมและบุคคลสำคัญ,ฐานันดรศักดิ์และบทบาททางสังคม,community,community_life
ดนตรีพื้นบ้าน,ดนตรีที่มีลักษณะเฉพาะของท้องถิ่นและมีการถ่ายทอดจากรุ่นสู่รุ่น,ศิลปะการแสดงและดนตรี,ดุริยางคศิลป์และคีตศิลป์,ระเบียบวิธีทางดนตรีและประเภทบทเพลง,music,performing_arts
เพลงงามแสงเดือน,เพลงพื้นบ้านที่มีความงดงามและเป็นที่รู้จักในวัฒนธรรมไทย,ศิลปะการแสดงและดนตรี,ดุริยางคศิลป์และคีตศิลป์,ระเบียบวิธีทางดนตรีและประเภทบทเพลง,music,performing_arts
ขับไล่,การทำให้บุคคลหรือสิ่งของออกไปจากสถานที่,พิธีกรรม ความเชื่อ และจารีตวัฒนธรรม,ระบบความเชื่อและศาสนา,คติทางศาสนาและสิ่งศักดิ์สิทธิ์,deity,ritual_belief
ของที่ระลึก,สิ่งของที่เก็บไว้เพื่อระลึกถึงเหตุการณ์หรือสถานที่,วัฒนธรรมวัตถุ ศิลปกรรม และงานช่าง,วัสดุและอัญมณี,วัสดุธรรมชาติและรัตนชาติ,artifact,material_culture
พระราชพิธี,พิธีกรรมที่จัดขึ้นในพระราชวังหรือเกี่ยวข้องกับพระมหากษัตริย์,พิธีกรรม ความเชื่อ และจารีตวัฒนธรรม,ระบบความเชื่อและศาสนา,คติทางศาสนาและสิ่งศักดิ์สิทธิ์,deity,ritual_belief
ชาวเขา,กลุ่มคนที่อาศัยอยู่ในพื้นที่ภูเขาและมีวัฒนธรรมเฉพาะ,กลุ่มชาติพันธุ์ ชุมชน และวิถีชีวิต,อัตลักษณ์ทางสังคมและกลุ่มคน,กลุ่มชาติพันธุ์และชุมชนท้องถิ่น,community,community_life
ชาวพื้นเมือง,กลุ่มคนที่มีวัฒนธรรมและวิถีชีวิตที่เป็นเอกลักษณ์ในพื้นที่เฉพาะ,กลุ่มชาติพันธุ์ ชุมชน และวิถีชีวิต,อัตลักษณ์ทางสังคมและกลุ่มคน,กลุ่มชาติพันธุ์และชุมชนท้องถิ่น,place,community_life
จิตรกรรม,ศิลปะการวาดภาพบนพื้นผิวต่างๆ โดยใช้สีและวัสดุที่หลากหลาย,วัฒนธรรมวัตถุ ศิลปกรรม และงานช่าง,ประณีตศิลป์และทัศนศิลป์,งานช่างศิลปกรรมและเทคนิควิธี,artifact,material_culture
นครราชสีมา,จังหวัดหนึ่งในประเทศไทยที่มีประวัติศาสตร์และวัฒนธรรมที่สำคัญ,บริบทเชิงประวัติศาสตร์ ภูมิศาสตร์ และพื้นที่,ภูมิศาสตร์และอาณาบริเวณ,เขตปกครองและภูมิภาค,place,historical_spatial
แหลมมลายู,พื้นที่ทางภูมิศาสตร์ที่ตั้งอยู่ในภูมิภาคเอเชียตะวันออกเฉียงใต้,บริบทเชิงประวัติศาสตร์ ภูมิศาสตร์ และพื้นที่,ภูมิศาสตร์และอาณาบริเวณ,เขตปกครองและภูมิภาค,place,historical_spatial
พระพี่เลี้ยง,บุคคลที่มีบทบาทในการดูแลและเลี้ยงดูพระราชบุตร,กลุ่มชาติพันธุ์ ชุมชน และวิถีชีวิต,โครงสร้างสังคมและบุคคลสำคัญ,ฐานันดรศักดิ์และบทบาททางสังคม,community,community_life
ดวงแก้ว,ชื่อเรียกของสิ่งที่มีความสวยงามและมีค่า,วัฒนธรรมวัตถุ ศิลปกรรม และงานช่าง,วัสดุและอัญมณี,วัสดุธรรมชาติและรัตนชาติ,artifact,material_culture
กราววีรชัยลิง,ตัวละครในวรรณกรรมที่มีลักษณะเป็นลิงและมีบทบาทสำคัญ,วรรณคดีและสิ่งมีชีวิตเชิงตำนาน,นามานุกรมและประเภทตัวละคร,เทวปกรณ์ อสูร และอมนุษย์,character,performing_arts
สะล้อ,เครื่องดนตรีประเภทหนึ่งที่ใช้ในการแสดงดนตรีพื้นบ้าน,ศิลปะการแสดงและดนตรี,ดุริยางคศิลป์และคีตศิลป์,เครื่องดนตรีและวงดนตรี,music,performing_arts
สกลนคร,จังหวัดหนึ่งในประเทศไทยที่มีวัฒนธรรมและประวัติศาสตร์ที่หลากหลาย,บริบทเชิงประวัติศาสตร์ ภูมิศาสตร์ และพื้นที่,ภูมิศาสตร์และอาณาบริเวณ,เขตปกครองและภูมิภาค,place,historical_spatial
กลองสะบัดชัย,เครื่องดนตรีที่ใช้ในการแสดงและเฉลิมฉลอง,ศิลปะการแสดงและดนตรี,ดุริยางคศิลป์และคีตศิลป์,เครื่องดนตรีและวงดนตรี,music,performing_arts
มุสลิม,ผู้ที่นับถือศาสนาอิสลาม,กลุ่มชาติพันธุ์ ชุมชน และวิถีชีวิต,อัตลักษณ์ทางสังคมและกลุ่มคน,กลุ่มชาติพันธุ์และชุมชนท้องถิ่น,community,community_life
ชั้นเดียว,ลักษณะของอาคารหรือบ้านที่มีเพียงชั้นเดียว,วัฒนธรรมวัตถุ ศิลปกรรม และงานช่าง,สถาปัตยกรรมและพุทธศิลป์,ศาสนสถานและปูชนียวัตถุ,artifact,material_culture
พระศิวะ,เทพเจ้าที่สำคัญในศาสนาฮินดู,วรรณคดีและสิ่งมีชีวิตเชิงตำนาน,นามานุกรมและประเภทตัวละคร,เทวปกรณ์ อสูร และอมนุษย์,character,performing_arts
กรุงลงกา,ชื่อเมืองในวรรณกรรมที่มีความสำคัญในประวัติศาสตร์,วรรณคดีและสิ่งมีชีวิตเชิงตำนาน,นามานุกรมและประเภทตัวละคร,เทวปกรณ์ อสูร และอมนุษย์,character,performing_arts
ต่อสู้,การมีปฏิสัมพันธ์หรือการเผชิญหน้ากันระหว่างฝ่ายต่างๆ,บริบทเชิงประวัติศาสตร์ ภูมิศาสตร์ และพื้นที่,ยุคสมัยและเหตุการณ์สำคัญ,ลำดับเวลาและประวัติศาสตร์การสงคราม,concept,historical_spatial
ทับหลัง,ส่วนหนึ่งของสถาปัตยกรรมที่อยู่เหนือประตูหรือหน้าต่าง มีลวดลายหรือภาพแกะสลัก,วัฒนธรรมวัตถุ ศิลปกรรม และงานช่าง,สถาปัตยกรรมและพุทธศิลป์,ศาสนสถานและปูชนียวัตถุ,artifact,material_culture
ระบำโบราณคดี,การแสดงที่มีการเล่าเรื่องราวจากประวัติศาสตร์หรือวรรณกรรมไทย,ศิลปะการแสดงและดนตรี,นาฏยศิลป์และการแสดง,รูปแบบการแสดงและนาฏศิลป์ท้องถิ่น,music,performing_arts
เกียรติศักดิ์ไทย,ความมีเกียรติและศักดิ์ศรีของคนไทยในสังคม,กลุ่มชาติพันธุ์ ชุมชน และวิถีชีวิต,อัตลักษณ์ทางสังคมและกลุ่มคน,กลุ่มชาติพันธุ์และชุมชนท้องถิ่น,community,community_life
โรงละครแห่งชาติ,สถานที่จัดแสดงศิลปะการแสดงที่สำคัญในประเทศไทย,บริบทเชิงประวัติศาสตร์ ภูมิศาสตร์ และพื้นที่,พื้นที่ทางวัฒนธรรมและสถาบัน,สถานที่จัดแสดงและเขตพระราชฐาน,performance,performing_arts
ทศกัณฐ์,ตัวละครหลักในวรรณกรรมรามเกียรติ์ เป็นอสูรที่มีสิบหน้า,วรรณคดีและสิ่งมีชีวิตเชิงตำนาน,นามานุกรมและประเภทตัวละคร,เทวปกรณ์ อสูร และอมนุษย์,character,ramakien
โบราณสถาน,สถานที่ที่มีความสำคัญทางประวัติศาสตร์และวัฒนธรรม,วัฒนธรรมวัตถุ ศิลปกรรม และงานช่าง,สถาปัตยกรรมและพุทธศิลป์,ศาสนสถานและปูชนียวัตถุ,artifact,historical_spatial
เพลงดวงจันทร์ขวัญฟ้า,เพลงที่มีความหมายเกี่ยวกับความรักและความงามของธรรมชาติ,ศิลปะการแสดงและดนตรี,ดุริยางคศิลป์และคีตศิลป์,ระเบียบวิธีทางดนตรีและประเภทบทเพลง,music,performing_arts
หอกโมกขศักดิ์,อาวุธที่ใช้ในพิธีกรรมหรือการต่อสู้ในประวัติศาสตร์,วัฒนธรรมวัตถุ ศิลปกรรม และงานช่าง,พัสตราภรณ์และเครื่องแต่งกาย,ระเบียบการแต่งกายและอาวุธจำลอง,artifact,material_culture
รูปทอง,งานศิลปะที่ทำจากทองคำ มีความสำคัญทางศิลปกรรม,วัฒนธรรมวัตถุ ศิลปกรรม และงานช่าง,ประณีตศิลป์และทัศนศิลป์,งานช่างศิลปกรรมและเทคนิควิธี,artifact,material_culture
พระจันทร์,ดาวเคราะห์ที่มีความสำคัญในวรรณกรรมและความเชื่อ,พิธีกรรม ความเชื่อ และจารีตวัฒนธรรม,คติความเชื่อและไสยศาสตร์,การขจัดปัดเป่าและอำนาจเหนือธรรมชาติ,mythical_being,ritual_belief
นางสีดา,ตัวละครหลักในวรรณกรรมรามเกียรติ์ เป็นภรรยาของพระราม,วรรณคดีและสิ่งมีชีวิตเชิงตำนาน,นามานุกรมและประเภทตัวละคร,ตัวละครหลักและบทบาทในบทละคร,character,performing_arts
ผ้าไหม,วัสดุที่ใช้ในการผลิตเสื้อผ้า มีความสำคัญในวัฒนธรรมไทย,วัฒนธรรมวัตถุ ศิลปกรรม และงานช่าง,วัสดุและอัญมณี,วัสดุธรรมชาติและรัตนชาติ,artifact,material_culture
พระลาน,พื้นที่ในวัดหรือพระราชวังที่ใช้ในการประกอบพิธีกรรม,บริบทเชิงประวัติศาสตร์ ภูมิศาสตร์ และพื้นที่,พื้นที่ทางวัฒนธรรมและสถาบัน,สถานที่จัดแสดงและเขตพระราชฐาน,place,historical_spatial
อัญมณี,วัสดุที่มีค่าใช้ในการประดับตกแต่งหรือทำเครื่องประดับ,วัฒนธรรมวัตถุ ศิลปกรรม และงานช่าง,วัสดุและอัญมณี,วัสดุธรรมชาติและรัตนชาติ,artifact,material_culture
ข้าศึก,ศัตรูหรือผู้ที่เป็นภัยต่อประเทศชาติ,บริบทเชิงประวัติศาสตร์ ภูมิศาสตร์ และพื้นที่,ยุคสมัยและเหตุการณ์สำคัญ,ลำดับเวลาและประวัติศาสตร์การสงคราม,concept,historical_spatial
ชั้นเชิง,ระดับหรือขั้นตอนในการดำเนินการหรือการแสดงออก,ศิลปะการแสดงและดนตรี,บุคลากรและทักษะทางศิลปะ,กลวิธีและสมรรถนะการแสดง,music,performing_arts
เสียงดนตรี,เสียงที่เกิดจากการเล่นเครื่องดนตรีหรือการร้องเพลง,ศิลปะการแสดงและดนตรี,ดุริยางคศิลป์และคีตศิลป์,ระเบียบวิธีทางดนตรีและประเภทบทเพลง,music,performing_arts
เจ้าดารารัศมี,ตัวละครในวรรณกรรมไทยที่มีความสำคัญในเรื่องราว,วรรณคดีและสิ่งมีชีวิตเชิงตำนาน,นามานุกรมและประเภทตัวละคร,ตัวละครหลักและบทบาทในบทละคร,character,performing_arts
พระราชวังบวรสถานมงคล,สถานที่สำคัญทางประวัติศาสตร์และวัฒนธรรมในประเทศไทย,บริบทเชิงประวัติศาสตร์ ภูมิศาสตร์ และพื้นที่,พื้นที่ทางวัฒนธรรมและสถาบัน,สถานที่จัดแสดงและเขตพระราชฐาน,place,historical_spatial
สายน้ำ,แหล่งน้ำที่ไหลผ่านพื้นที่ต่างๆ,บริบทเชิงประวัติศาสตร์ ภูมิศาสตร์ และพื้นที่,ภูมิศาสตร์และอาณาบริเวณ,เขตปกครองและภูมิภาค,place,historical_spatial
กระทุ้ง,การกระทำที่ทำให้เกิดการเคลื่อนไหวหรือการเปลี่ยนแปลง,ศิลปะการแสดงและดนตรี,นาฏยศิลป์และการแสดง,กระบวนท่ารำและจารีตการแสดง,music,performing_arts
ปารวตี,ตัวละครในวรรณกรรมที่มีความสำคัญในเรื่องราว,วรรณคดีและสิ่งมีชีวิตเชิงตำนาน,นามานุกรมและประเภทตัวละคร,ตัวละครหลักและบทบาทในบทละคร,character,performing_arts
สมมุติเทพ,เทพที่ถูกสร้างขึ้นในจินตนาการหรือวรรณกรรม,วรรณคดีและสิ่งมีชีวิตเชิงตำนาน,นามานุกรมและประเภทตัวละคร,เทวปกรณ์ อสูร และอมนุษย์,character,performing_arts
ทำพิธี,การปฏิบัติพิธีกรรมตามความเชื่อหรือประเพณี,พิธีกรรม ความเชื่อ และจารีตวัฒนธรรม,จารีตประเพณีและพิธีกรรม,พิธีการสำคัญและจารีตทางสังคม,ritual,ritual_belief
อุณรุท,ตัวละครในวรรณกรรมที่มีความสำคัญในเรื่องราว,วรรณคดีและสิ่งมีชีวิตเชิงตำนาน,นามานุกรมและประเภทตัวละคร,ตัวละครหลักและบทบาทในบทละคร,character,performing_arts
พี่เลี้ยง,บุคคลที่ดูแลและช่วยเหลือในการเลี้ยงดู,กลุ่มชาติพันธุ์ ชุมชน และวิถีชีวิต,โครงสร้างสังคมและบุคคลสำคัญ,ฐานันดรศักดิ์และบทบาททางสังคม,community,community_life
หางนกยูง,ส่วนหนึ่งของนกยูงที่มีความสวยงามและใช้ในงานศิลปะ,วัฒนธรรมวัตถุ ศิลปกรรม และงานช่าง,ประณีตศิลป์และทัศนศิลป์,งานช่างศิลปกรรมและเทคนิควิธี,artifact,material_culture
ค้าขาย,การทำธุรกิจแลกเปลี่ยนสินค้าและบริการ,กลุ่มชาติพันธุ์ ชุมชน และวิถีชีวิต,วิถีชีวิตและระบบเศรษฐกิจ,การประกอบอาชีพและโภชนาการ,community,community_life
เสนียดจัญไร,สิ่งที่ไม่ดีหรือไม่เป็นมงคลในความเชื่อ,พิธีกรรม ความเชื่อ และจารีตวัฒนธรรม,คติความเชื่อและไสยศาสตร์,การขจัดปัดเป่าและอำนาจเหนือธรรมชาติ,mythical_being,ritual_belief
ช่อดอกไม้,การจัดดอกไม้ในรูปแบบที่สวยงาม,วัฒนธรรมวัตถุ ศิลปกรรม และงานช่าง,ประณีตศิลป์และทัศนศิลป์,งานช่างศิลปกรรมและเทคนิควิธี,artifact,material_culture
ชาติพันธุ์,กลุ่มคนที่มีวัฒนธรรมและประเพณีร่วมกัน,กลุ่มชาติพันธุ์ ชุมชน และวิถีชีวิต,อัตลักษณ์ทางสังคมและกลุ่มคน,กลุ่มชาติพันธุ์และชุมชนท้องถิ่น,community,community_life
รับใช้,การทำหน้าที่ให้บริการหรือช่วยเหลือผู้อื่น,กลุ่มชาติพันธุ์ ชุมชน และวิถีชีวิต,โครงสร้างสังคมและบุคคลสำคัญ,ฐานันดรศักดิ์และบทบาททางสังคม,community,community_life
พระบรมราชชนนีพับปีหลวง,พระราชกรณียกิจที่สำคัญของพระมหากษัตริย์,บริบทเชิงประวัติศาสตร์ ภูมิศาสตร์ และพื้นที่,ยุคสมัยและเหตุการณ์สำคัญ,ลำดับเวลาและประวัติศาสตร์การสงคราม,concept,historical_spatial
ร่มพระบารมี,การได้รับการคุ้มครองและสนับสนุนจากพระมหากษัตริย์,พิธีกรรม ความเชื่อ และจารีตวัฒนธรรม,ระบบความเชื่อและศาสนา,คติทางศาสนาและสิ่งศักดิ์สิทธิ์,deity,ritual_belief
โคมเวียน,โคมไฟที่ใช้ในพิธีกรรมหรือเทศกาล,พิธีกรรม ความเชื่อ และจารีตวัฒนธรรม,จารีตประเพณีและพิธีกรรม,พิธีการสำคัญและจารีตทางสังคม,ritual,ritual_belief
นายแก้ว,ตัวละครในวรรณกรรมไทยที่มีบทบาทสำคัญ,วรรณคดีและสิ่งมีชีวิตเชิงตำนาน,นามานุกรมและประเภทตัวละคร,ตัวละครหลักและบทบาทในบทละคร,character,performing_arts
แปลงตัว,การเปลี่ยนแปลงรูปลักษณ์หรือสถานะ,วรรณคดีและสิ่งมีชีวิตเชิงตำนาน,นามานุกรมและประเภทตัวละคร,เทวปกรณ์ อสูร และอมนุษย์,character,performing_arts
พระตำหนัก,ที่ประทับของพระมหากษัตริย์หรือพระบรมวงศ์,บริบทเชิงประวัติศาสตร์ ภูมิศาสตร์ และพื้นที่,พื้นที่ทางวัฒนธรรมและสถาบัน,สถานที่จัดแสดงและเขตพระราชฐาน,place,historical_spatial
พระลอ,ตัวละครในวรรณกรรมไทยที่มีความสำคัญในเรื่องราว,วรรณคดีและสิ่งมีชีวิตเชิงตำนาน,นามานุกรมและประเภทตัวละคร,ตัวละครหลักและบทบาทในบทละคร,character,performing_arts
พระนารายณ์,เทพเจ้าที่สำคัญในศาสนาฮินดู,วรรณคดีและสิ่งมีชีวิตเชิงตำนาน,นามานุกรมและประเภทตัวละคร,เทวปกรณ์ อสูร และอมนุษย์,character,performing_arts
เพลงหญิงไทยใจงาม,เพลงที่สื่อถึงความงามและคุณค่าของหญิงไทย,ศิลปะการแสดงและดนตรี,ดุริยางคศิลป์และคีตศิลป์,ระเบียบวิธีทางดนตรีและประเภทบทเพลง,music,performing_arts
ศูรปนขา,การแสดงที่มีลักษณะเฉพาะในวรรณกรรมไทย,ศิลปะการแสดงและดนตรี,นาฏยศิลป์และการแสดง,รูปแบบการแสดงและนาฏศิลป์ท้องถิ่น,music,performing_arts
เครื่องประดับ,สิ่งของที่ใช้ตกแต่งร่างกาย,วัฒนธรรมวัตถุ ศิลปกรรม และงานช่าง,ประณีตศิลป์และทัศนศิลป์,งานช่างศิลปกรรมและเทคนิควิธี,artifact,material_culture
ทิพยวิมาน,สถานที่ที่มีความงามและสงบในวรรณกรรม,วรรณคดีและสิ่งมีชีวิตเชิงตำนาน,สถานภาพและลำดับชั้นทางสังคมในวรรณกรรม,ฐานันดรศักดิ์และระบบเครือญาติ,concept,general
การทำขวัญ,พิธีกรรมที่ทำเพื่อเสริมสร้างความเป็นสิริมงคล,พิธีกรรม ความเชื่อ และจารีตวัฒนธรรม,จารีตประเพณีและพิธีกรรม,พิธีการสำคัญและจารีตทางสังคม,ritual,ritual_belief
ขบวนแห่,การเคลื่อนที่ของกลุ่มคนหรือสิ่งของในลักษณะเฉพาะเพื่อเฉลิมฉลองหรือประกอบพิธีกรรม,พิธีกรรม ความเชื่อ และจารีตวัฒนธรรม,จารีตประเพณีและพิธีกรรม,พิธีการสำคัญและจารีตทางสังคม,ritual,ritual_belief
เขาไกรลาส,ภูเขาที่มีความสำคัญในตำนานและวรรณกรรมไทย เป็นที่สถิตของเทพเจ้า,วรรณคดีและสิ่งมีชีวิตเชิงตำนาน,นามานุกรมและประเภทตัวละคร,เทวปกรณ์ อสูร และอมนุษย์,character,performing_arts
จำแลง,การเปลี่ยนแปลงรูปลักษณ์หรือสภาพเพื่อหลีกเลี่ยงการถูกจับตามอง,พิธีกรรม ความเชื่อ และจารีตวัฒนธรรม,คติความเชื่อและไสยศาสตร์,การขจัดปัดเป่าและอำนาจเหนือธรรมชาติ,mythical_being,ritual_belief
หยอกล้อ,การเล่นหรือพูดจาอย่างขบขันเพื่อสร้างความสนุกสนาน,กลุ่มชาติพันธุ์ ชุมชน และวิถีชีวิต,วิถีชีวิตและพฤติกรรมทางสังคม,จารีตการปฏิบัติและพรรณไม้ในวิถีชีวิต,community,community_life
ลาวครั่ง,ชื่อของกลุ่มชาติพันธุ์ที่มีวัฒนธรรมและประเพณีเฉพาะตัว,กลุ่มชาติพันธุ์ ชุมชน และวิถีชีวิต,อัตลักษณ์ทางสังคมและกลุ่มคน,กลุ่มชาติพันธุ์และชุมชนท้องถิ่น,community,community_life
ยักษิณี,ตัวละครในวรรณกรรมไทยที่มีลักษณะเป็นยักษ์หญิง,วรรณคดีและสิ่งมีชีวิตเชิงตำนาน,นามานุกรมและประเภทตัวละคร,เทวปกรณ์ อสูร และอมนุษย์,character,performing_arts
จนตาย,การทำให้ถึงแก่ชีวิตหรือหมดสติ,พิธีกรรม ความเชื่อ และจารีตวัฒนธรรม,คติความเชื่อและไสยศาสตร์,การขจัดปัดเป่าและอำนาจเหนือธรรมชาติ,mythical_being,ritual_belief
เบิกโรง,การเริ่มต้นการแสดงหรือพิธีกรรม,ศิลปะการแสดงและดนตรี,นาฏยศิลป์และการแสดง,กระบวนท่ารำและจารีตการแสดง,music,performing_arts
การร่อนแร่,กระบวนการแยกแร่จากดินหรือหิน,กลุ่มชาติพันธุ์ ชุมชน และวิถีชีวิต,วิถีชีวิตและระบบเศรษฐกิจ,การประกอบอาชีพและโภชนาการ,community,community_life
แตกทัพ,การทำให้กองทัพแตกแยกหรือหนีออกจากกัน,บริบทเชิงประวัติศาสตร์ ภูมิศาสตร์ และพื้นที่,ยุคสมัยและเหตุการณ์สำคัญ,ลำดับเวลาและประวัติศาสตร์การสงคราม,concept,historical_spatial
อาวุธ,เครื่องมือที่ใช้ในการต่อสู้หรือป้องกันตัว,กลุ่มชาติพันธุ์ ชุมชน และวิถีชีวิต,วิถีชีวิตและระบบเศรษฐกิจ,การประกอบอาชีพและโภชนาการ,community,community_life
ผู้แสดงฝ่ายชาย,นักแสดงที่รับบทเป็นตัวละครชายในละครหรือการแสดง,ศิลปะการแสดงและดนตรี,บุคลากรและทักษะทางศิลปะ,กลวิธีและสมรรถนะการแสดง,music,performing_arts
พระบาทสมเด็จพระจุลจอมเกล้าเจ้าอยู่หัว,พระมหากษัตริย์ไทยที่มีบทบาทสำคัญในประวัติศาสตร์ไทย,บริบทเชิงประวัติศาสตร์ ภูมิศาสตร์ และพื้นที่,ภูมิศาสตร์และอาณาบริเวณ,เขตปกครองและภูมิภาค,place,historical_spatial
เชิงบันได,ลักษณะของบันไดที่มีการออกแบบเฉพาะเพื่อการใช้งาน,วัฒนธรรมวัตถุ ศิลปกรรม และงานช่าง,สถาปัตยกรรมและพุทธศิลป์,ศาสนสถานและปูชนียวัตถุ,artifact,material_culture
สะเดาะเคราะห์,การทำพิธีเพื่อขจัดเคราะห์กรรมหรือสิ่งไม่ดี,พิธีกรรม ความเชื่อ และจารีตวัฒนธรรม,ระบบความเชื่อและศาสนา,คติทางศาสนาและสิ่งศักดิ์สิทธิ์,deity,ritual_belief
มวยไทย,ศิลปะการต่อสู้แบบไทยที่ใช้ท่ารำและการต่อสู้ด้วยมือและเท้า,ศิลปะการแสดงและดนตรี,นาฏยศิลป์และการแสดง,รูปแบบการแสดงและนาฏศิลป์ท้องถิ่น,music,performing_arts
จับระบำ,การแสดงที่มีการจับคู่ระหว่างผู้แสดงในรูปแบบการรำ,ศิลปะการแสดงและดนตรี,นาฏยศิลป์และการแสดง,กระบวนท่ารำและจารีตการแสดง,music,performing_arts
ไตรรงค์,ธงชาติไทยที่มีสามสีคือ แดง ขาว และน้ำเงิน,วัฒนธรรมวัตถุ ศิลปกรรม และงานช่าง,พัสตราภรณ์และเครื่องแต่งกาย,ระเบียบการแต่งกายและอาวุธจำลอง,artifact,material_culture
พระราม,ตัวละครหลักในวรรณกรรมรามเกียรติ์ที่เป็นพระราชาและวีรบุรุษ,วรรณคดีและสิ่งมีชีวิตเชิงตำนาน,นามานุกรมและประเภทตัวละคร,ตัวละครหลักและบทบาทในบทละคร,character,ramakien
คู่ใจ,คำที่ใช้เรียกคนรักหรือคู่ชีวิต,กลุ่มชาติพันธุ์ ชุมชน และวิถีชีวิต,โครงสร้างสังคมและบุคคลสำคัญ,ฐานันดรศักดิ์และบทบาททางสังคม,community,community_life
การุณราช,คำที่ใช้เรียกพระมหากษัตริย์ในฐานะผู้ปกครองที่มีความเมตตา,กลุ่มชาติพันธุ์ ชุมชน และวิถีชีวิต,โครงสร้างสังคมและบุคคลสำคัญ,ฐานันดรศักดิ์และบทบาททางสังคม,community,community_life
พุทธศตวรรษ,ช่วงเวลาที่นับจากการตรัสรู้ของพระพุทธเจ้า,บริบทเชิงประวัติศาสตร์ ภูมิศาสตร์ และพื้นที่,ยุคสมัยและเหตุการณ์สำคัญ,ลำดับเวลาและประวัติศาสตร์การสงคราม,concept,historical_spatial
แสงจันทร์,แสงที่เกิดจากดวงจันทร์ในเวลากลางคืน,บริบทเชิงประวัติศาสตร์ ภูมิศาสตร์ และพื้นที่,ภูมิศาสตร์และอาณาบริเวณ,พื้นที่ในคติความเชื่อและประวัติศาสตร์,concept,historical_spatial
เทือกเขาภูพาน,ภูเขาที่ตั้งอยู่ในภาคอีสานของประเทศไทย,บริบทเชิงประวัติศาสตร์ ภูมิศาสตร์ และพื้นที่,ภูมิศาสตร์และอาณาบริเวณ,เขตปกครองและภูมิภาค,place,historical_spatial
แม่ฮ่องสอน,จังหวัดหนึ่งในภาคเหนือของประเทศไทย,บริบทเชิงประวัติศาสตร์ ภูมิศาสตร์ และพื้นที่,ภูมิศาสตร์และอาณาบริเวณ,เขตปกครองและภูมิภาค,place,historical_spatial
ทับทิม,อัญมณีที่มีสีแดงและมีค่า,วัฒนธรรมวัตถุ ศิลปกรรม และงานช่าง,วัสดุและอัญมณี,วัสดุธรรมชาติและรัตนชาติ,artifact,material_culture
หมากกั๊บแก๊บ,เกมพื้นบ้านที่ใช้หมากในการเล่น,กลุ่มชาติพันธุ์ ชุมชน และวิถีชีวิต,วิถีชีวิตและพฤติกรรมทางสังคม,จารีตการปฏิบัติและพรรณไม้ในวิถีชีวิต,community,community_life
วิรุญมุข,ตัวละครในวรรณกรรมที่มีลักษณะเป็นอสูร,วรรณคดีและสิ่งมีชีวิตเชิงตำนาน,นามานุกรมและประเภทตัวละคร,เทวปกรณ์ อสูร และอมนุษย์,character,performing_arts
เจ้าเซ็น,ชื่อเรียกของพระสงฆ์ในศาสนาพุทธที่มีความสำคัญ,พิธีกรรม ความเชื่อ และจารีตวัฒนธรรม,ระบบความเชื่อและศาสนา,คติทางศาสนาและสิ่งศักดิ์สิทธิ์,deity,ritual_belief
ภาชนะดินเผา,ภาชนะที่ทำจากดินที่เผาให้แข็ง,วัฒนธรรมวัตถุ ศิลปกรรม และงานช่าง,ประณีตศิลป์และทัศนศิลป์,งานช่างศิลปกรรมและเทคนิควิธี,artifact,material_culture
วสันตฤดู,ฤดูที่มีอากาศอบอุ่นและมีฝนตกชุก,บริบทเชิงประวัติศาสตร์ ภูมิศาสตร์ และพื้นที่,ภูมิศาสตร์และอาณาบริเวณ,เขตปกครองและภูมิภาค,place,historical_spatial
เมืองขีดขิน,ชื่อเมืองในวรรณกรรมไทยที่มีความสำคัญ,บริบทเชิงประวัติศาสตร์ ภูมิศาสตร์ และพื้นที่,ภูมิศาสตร์และอาณาบริเวณ,เขตปกครองและภูมิภาค,place,historical_spatial
เบญกาย,เครื่องแต่งกายที่มีความสวยงามและมีความหมายในวรรณกรรม,วัฒนธรรมวัตถุ ศิลปกรรม และงานช่าง,พัสตราภรณ์และเครื่องแต่งกาย,ระเบียบการแต่งกายและอาวุธจำลอง,artifact,material_culture
เพลงเร็ว,ประเภทของเพลงที่มีจังหวะเร็ว,ศิลปะการแสดงและดนตรี,ดุริยางคศิลป์และคีตศิลป์,ระเบียบวิธีทางดนตรีและประเภทบทเพลง,music,performing_arts
พลวานร,ตัวละครในวรรณกรรมที่มีลักษณะเป็นสัตว์,วรรณคดีและสิ่งมีชีวิตเชิงตำนาน,นามานุกรมและประเภทตัวละคร,เทวปกรณ์ อสูร และอมนุษย์,character,performing_arts
ท้าวสัทธาสูร,ตัวละครในวรรณกรรมไทยที่มีฐานะสูง,วรรณคดีและสิ่งมีชีวิตเชิงตำนาน,นามานุกรมและประเภทตัวละคร,เทวปกรณ์ อสูร และอมนุษย์,character,performing_arts
บุปเพสันนิวาส,ชื่อวรรณกรรมที่มีความสำคัญในวรรณคดีไทย,วรรณคดีและสิ่งมีชีวิตเชิงตำนาน,นามานุกรมและประเภทตัวละคร,เทวปกรณ์ อสูร และอมนุษย์,character,performing_arts
พระพาย,เทพเจ้าที่เกี่ยวข้องกับลมในวรรณกรรม,วรรณคดีและสิ่งมีชีวิตเชิงตำนาน,นามานุกรมและประเภทตัวละคร,เทวปกรณ์ อสูร และอมนุษย์,character,performing_arts
กะลา,วัสดุที่ใช้ทำเครื่องดนตรีหรือของใช้,วัฒนธรรมวัตถุ ศิลปกรรม และงานช่าง,วัสดุและอัญมณี,วัสดุธรรมชาติและรัตนชาติ,artifact,material_culture
อินทรชิต,ตัวละครในวรรณกรรมที่มีความสำคัญ,วรรณคดีและสิ่งมีชีวิตเชิงตำนาน,นามานุกรมและประเภทตัวละคร,เทวปกรณ์ อสูร และอมนุษย์,character,performing_arts
บรรพต,ชื่อภูเขาหรือสถานที่ในวรรณกรรม,บริบทเชิงประวัติศาสตร์ ภูมิศาสตร์ และพื้นที่,ภูมิศาสตร์และอาณาบริเวณ,พื้นที่ในคติความเชื่อและประวัติศาสตร์,concept,historical_spatial
ดินดาล,ชื่อสถานที่ในวรรณกรรมที่มีความสำคัญ,บริบทเชิงประวัติศาสตร์ ภูมิศาสตร์ และพื้นที่,ภูมิศาสตร์และอาณาบริเวณ,เขตปกครองและภูมิภาค,place,historical_spatial
ทำนองเพลง,รูปแบบหรือจังหวะของเพลง,ศิลปะการแสดงและดนตรี,ดุริยางคศิลป์และคีตศิลป์,ระเบียบวิธีทางดนตรีและประเภทบทเพลง,music,performing_arts
ขนเพชร,ชื่อเครื่องประดับที่มีความสวยงาม,วัฒนธรรมวัตถุ ศิลปกรรม และงานช่าง,วัสดุและอัญมณี,วัสดุธรรมชาติและรัตนชาติ,artifact,material_culture
ธิเบศร์,ตัวละครในวรรณกรรมที่มีลักษณะพิเศษ,วรรณคดีและสิ่งมีชีวิตเชิงตำนาน,นามานุกรมและประเภทตัวละคร,เทวปกรณ์ อสูร และอมนุษย์,character,performing_arts
สะเดาะ,การขจัดปัดเป่าอำนาจเหนือธรรมชาติ,พิธีกรรม ความเชื่อ และจารีตวัฒนธรรม,คติความเชื่อและไสยศาสตร์,การขจัดปัดเป่าและอำนาจเหนือธรรมชาติ,mythical_being,ritual_belief
สิบแปดมงกุฎ,ตัวละครในวรรณกรรมที่มีลักษณะเป็นคนฉลาดและมีเล่ห์เหลี่ยม,วรรณคดีและสิ่งมีชีวิตเชิงตำนาน,นามานุกรมและประเภทตัวละคร,ตัวละครหลักและบทบาทในบทละคร,character,performing_arts
ข้าหลวง,ผู้มีฐานะสูงในระบบราชการ,วรรณคดีและสิ่งมีชีวิตเชิงตำนาน,สถานภาพและลำดับชั้นทางสังคมในวรรณกรรม,ฐานันดรศักดิ์และระบบเครือญาติ,concept,general
ไม้สั้น,ไม้ที่มีความยาวสั้น ใช้ในงานต่างๆ,วัฒนธรรมวัตถุ ศิลปกรรม และงานช่าง,วัสดุและอัญมณี,วัสดุธรรมชาติและรัตนชาติ,artifact,material_culture
ไทยจักรี,ราชวงศ์จักรีของไทยที่มีความสำคัญในประวัติศาสตร์,บริบทเชิงประวัติศาสตร์ ภูมิศาสตร์ และพื้นที่,ยุคสมัยและเหตุการณ์สำคัญ,ลำดับเวลาและประวัติศาสตร์การสงคราม,concept,historical_spatial
ต้นขา,ส่วนของร่างกายที่อยู่ระหว่างสะโพกและเข่า,กลุ่มชาติพันธุ์ ชุมชน และวิถีชีวิต,วิถีชีวิตและพฤติกรรมทางสังคม,จารีตการปฏิบัติและพรรณไม้ในวิถีชีวิต,community,community_life
ปัดเป่า,การขจัดสิ่งไม่ดีหรืออำนาจเหนือธรรมชาติ,พิธีกรรม ความเชื่อ และจารีตวัฒนธรรม,คติความเชื่อและไสยศาสตร์,การขจัดปัดเป่าและอำนาจเหนือธรรมชาติ,mythical_being,ritual_belief
การสอน,กระบวนการถ่ายทอดความรู้หรือทักษะ,กลุ่มชาติพันธุ์ ชุมชน และวิถีชีวิต,วิถีชีวิตและระบบเศรษฐกิจ,การประกอบอาชีพและโภชนาการ,community,community_life
แหล่งน้ำ,พื้นที่ที่มีน้ำอยู่ เช่น แม่น้ำหรือบึง,บริบทเชิงประวัติศาสตร์ ภูมิศาสตร์ และพื้นที่,ภูมิศาสตร์และอาณาบริเวณ,เขตปกครองและภูมิภาค,place,historical_spatial
ศุภลักษณ์,เทพเจ้าหรือสิ่งศักดิ์สิทธิ์ในความเชื่อไทย,พิธีกรรม ความเชื่อ และจารีตวัฒนธรรม,ระบบความเชื่อและศาสนา,คติทางศาสนาและสิ่งศักดิ์สิทธิ์,deity,ritual_belief
เพลงชำนาญ,เพลงที่มีความชำนาญในการเล่นหรือร้อง,ศิลปะการแสดงและดนตรี,ดุริยางคศิลป์และคีตศิลป์,ระเบียบวิธีทางดนตรีและประเภทบทเพลง,music,performing_arts
แควน้อย,ชื่อเรียกของกลุ่มคนในวรรณกรรมที่มีลักษณะเฉพาะ,วรรณคดีและสิ่งมีชีวิตเชิงตำนาน,นามานุกรมและประเภทตัวละคร,ตัวละครหลักและบทบาทในบทละคร,character,performing_arts
พระไวย,ตัวละครในวรรณกรรมที่มีบทบาทสำคัญ,วรรณคดีและสิ่งมีชีวิตเชิงตำนาน,นามานุกรมและประเภทตัวละคร,ตัวละครหลักและบทบาทในบทละคร,character,performing_arts
มือซ้าย,มือที่อยู่ด้านซ้ายของร่างกาย,กลุ่มชาติพันธุ์ ชุมชน และวิถีชีวิต,วิถีชีวิตและพฤติกรรมทางสังคม,จารีตการปฏิบัติและพรรณไม้ในวิถีชีวิต,community,community_life
อินเดีย,ประเทศในทวีปเอเชียที่มีวัฒนธรรมหลากหลาย,บริบทเชิงประวัติศาสตร์ ภูมิศาสตร์ และพื้นที่,ภูมิศาสตร์และอาณาบริเวณ,เขตปกครองและภูมิภาค,place,historical_spatial
สากตำข้าว,เครื่องมือที่ใช้ในการตำข้าวให้ละเอียด,กลุ่มชาติพันธุ์ ชุมชน และวิถีชีวิต,วิถีชีวิตและระบบเศรษฐกิจ,การประกอบอาชีพและโภชนาการ,community,community_life
พระแพง,ตัวละครในวรรณกรรมที่มีบทบาทสำคัญ,วรรณคดีและสิ่งมีชีวิตเชิงตำนาน,นามานุกรมและประเภทตัวละคร,ตัวละครหลักและบทบาทในบทละคร,character,performing_arts
ธงไทย,ธงชาติของประเทศไทยที่มีสัญลักษณ์เฉพาะ,วัฒนธรรมวัตถุ ศิลปกรรม และงานช่าง,ประณีตศิลป์และทัศนศิลป์,งานช่างศิลปกรรมและเทคนิควิธี,artifact,material_culture
พระคเณศ,เทพเจ้าแห่งความรู้และการเริ่มต้นในศาสนาฮินดู,วรรณคดีและสิ่งมีชีวิตเชิงตำนาน,นามานุกรมและประเภทตัวละคร,เทวปกรณ์ อสูร และอมนุษย์,character,performing_arts
นางโรย,ตัวละครในวรรณกรรมที่มีบทบาทสำคัญ,วรรณคดีและสิ่งมีชีวิตเชิงตำนาน,นามานุกรมและประเภทตัวละคร,ตัวละครหลักและบทบาทในบทละคร,character,performing_arts
รับสั่ง,การสั่งการหรือคำสั่งที่ได้รับจากผู้มีอำนาจ,กลุ่มชาติพันธุ์ ชุมชน และวิถีชีวิต,โครงสร้างสังคมและบุคคลสำคัญ,ฐานันดรศักดิ์และบทบาททางสังคม,community,community_life
ละครพันทาง,รูปแบบการแสดงที่มีการเล่าเรื่องหลายมิติ,ศิลปะการแสดงและดนตรี,นาฏยศิลป์และการแสดง,กระบวนท่ารำและจารีตการแสดง,music,performing_arts
อุษา,ตัวละครในวรรณกรรมที่มีบทบาทสำคัญ,วรรณคดีและสิ่งมีชีวิตเชิงตำนาน,นามานุกรมและประเภทตัวละคร,ตัวละครหลักและบทบาทในบทละคร,character,performing_arts
พืชพรรณ,พืชและต้นไม้ที่มีอยู่ในธรรมชาติ,กลุ่มชาติพันธุ์ ชุมชน และวิถีชีวิต,วิถีชีวิตและพฤติกรรมทางสังคม,จารีตการปฏิบัติและพรรณไม้ในวิถีชีวิต,community,community_life
ทำนอง,รูปแบบหรือแนวทางของเสียงเพลง,ศิลปะการแสดงและดนตรี,ดุริยางคศิลป์และคีตศิลป์,ระเบียบวิธีทางดนตรีและประเภทบทเพลง,music,performing_arts
ธัญญาหาร,อาหารที่ได้จากพืชผลทางการเกษตร,กลุ่มชาติพันธุ์ ชุมชน และวิถีชีวิต,วิถีชีวิตและระบบเศรษฐกิจ,การประกอบอาชีพและโภชนาการ,community,community_life
ชาวเหนือ,กลุ่มคนที่อาศัยอยู่ในภาคเหนือของประเทศไทย,กลุ่มชาติพันธุ์ ชุมชน และวิถีชีวิต,อัตลักษณ์ทางสังคมและกลุ่มคน,กลุ่มชาติพันธุ์และชุมชนท้องถิ่น,community,community_life
พญาทูษณ์,ตัวละครในวรรณกรรมที่มีบทบาทสำคัญ,วรรณคดีและสิ่งมีชีวิตเชิงตำนาน,นามานุกรมและประเภทตัวละคร,ตัวละครหลักและบทบาทในบทละคร,character,performing_arts
พระเอก,ตัวละครหลักที่มีบทบาทสำคัญในเรื่อง,วรรณคดีและสิ่งมีชีวิตเชิงตำนาน,นามานุกรมและประเภทตัวละคร,ตัวละครหลักและบทบาทในบทละคร,character,performing_arts
เทพธิดา,ตัวละครหญิงที่มีสถานะเป็นเทพในวรรณกรรม,วรรณคดีและสิ่งมีชีวิตเชิงตำนาน,นามานุกรมและประเภทตัวละคร,เทวปกรณ์ อสูร และอมนุษย์,character,performing_arts
ยูเนสโก,องค์กรระหว่างประเทศที่ส่งเสริมการศึกษา วิทยาศาสตร์ และวัฒนธรรม,บริบทเชิงประวัติศาสตร์ ภูมิศาสตร์ และพื้นที่,ภูมิศาสตร์และอาณาบริเวณ,เขตปกครองและภูมิภาค,place,historical_spatial
สมัยทวารวดี,ยุคประวัติศาสตร์ของไทยที่มีการพัฒนาทางวัฒนธรรมและศิลปกรรม,บริบทเชิงประวัติศาสตร์ ภูมิศาสตร์ และพื้นที่,ยุคสมัยและเหตุการณ์สำคัญ,ลำดับเวลาและประวัติศาสตร์การสงคราม,concept,historical_spatial
รำคู่,การแสดงนาฏศิลป์ที่มีการรำร่วมกันของคู่ผู้แสดง,ศิลปะการแสดงและดนตรี,นาฏยศิลป์และการแสดง,กระบวนท่ารำและจารีตการแสดง,music,performing_arts
ไทยศิวาลัย,ชื่อเรียกของวรรณกรรมที่มีเนื้อหาเกี่ยวกับเทพเจ้าและตำนาน,วรรณคดีและสิ่งมีชีวิตเชิงตำนาน,นามานุกรมและประเภทตัวละคร,เทวปกรณ์ อสูร และอมนุษย์,character,performing_arts
พญาขร,ตัวละครในตำนานที่มีลักษณะเป็นอสูรหรือเทพ,วรรณคดีและสิ่งมีชีวิตเชิงตำนาน,นามานุกรมและประเภทตัวละคร,เทวปกรณ์ อสูร และอมนุษย์,character,performing_arts
การปั้น,การสร้างรูปปั้นหรือศิลปะจากวัสดุต่างๆ,วัฒนธรรมวัตถุ ศิลปกรรม และงานช่าง,ประณีตศิลป์และทัศนศิลป์,งานช่างศิลปกรรมและเทคนิควิธี,artifact,material_culture
ละครนอก,รูปแบบการแสดงละครที่มีการแสดงนอกสถานที่,ศิลปะการแสดงและดนตรี,นาฏยศิลป์และการแสดง,กระบวนท่ารำและจารีตการแสดง,music,performing_arts
เครื่องดนตรีพื้นบ้าน,เครื่องดนตรีที่มีการสร้างและใช้ในชุมชนท้องถิ่น,ศิลปะการแสดงและดนตรี,ดุริยางคศิลป์และคีตศิลป์,เครื่องดนตรีและวงดนตรี,music,performing_arts
เพลงยอดชายใจหาญ,เพลงที่มีเนื้อหาเกี่ยวกับความกล้าหาญและความเป็นชาย,ศิลปะการแสดงและดนตรี,ดุริยางคศิลป์และคีตศิลป์,ระเบียบวิธีทางดนตรีและประเภทบทเพลง,music,performing_arts
อีสาน,ภูมิภาคทางตะวันออกเฉียงเหนือของประเทศไทย,บริบทเชิงประวัติศาสตร์ ภูมิศาสตร์ และพื้นที่,ภูมิศาสตร์และอาณาบริเวณ,เขตปกครองและภูมิภาค,place,historical_spatial
ออกศึก,การเข้าร่วมสงครามหรือการต่อสู้,บริบทเชิงประวัติศาสตร์ ภูมิศาสตร์ และพื้นที่,ยุคสมัยและเหตุการณ์สำคัญ,ลำดับเวลาและประวัติศาสตร์การสงคราม,concept,historical_spatial
พระแม่คงคา,เทพเจ้าแห่งน้ำในความเชื่อของไทย,พิธีกรรม ความเชื่อ และจารีตวัฒนธรรม,ระบบความเชื่อและศาสนา,คติทางศาสนาและสิ่งศักดิ์สิทธิ์,deity,ritual_belief
กลอุบาย,กลยุทธ์หรือวิธีการที่ใช้ในการหลอกลวงหรือเอาชนะ,วรรณคดีและสิ่งมีชีวิตเชิงตำนาน,นามานุกรมและประเภทตัวละคร,เทวปกรณ์ อสูร และอมนุษย์,character,performing_arts
พระอุมา,เทพีแห่งความรักและสงครามในความเชื่อของไทย,พิธีกรรม ความเชื่อ และจารีตวัฒนธรรม,ระบบความเชื่อและศาสนา,คติทางศาสนาและสิ่งศักดิ์สิทธิ์,deity,ritual_belief
คำร้อง,เนื้อเพลงหรือข้อความที่ใช้ในการร้องเพลง,ศิลปะการแสดงและดนตรี,ดุริยางคศิลป์และคีตศิลป์,ระเบียบวิธีทางดนตรีและประเภทบทเพลง,music,performing_arts
ไทยจีน,กลุ่มชาติพันธุ์ที่มีเชื้อสายไทยและจีน,กลุ่มชาติพันธุ์ ชุมชน และวิถีชีวิต,อัตลักษณ์ทางสังคมและกลุ่มคน,กลุ่มชาติพันธุ์และชุมชนท้องถิ่น,community,community_life
ปัตตานี,จังหวัดหนึ่งในภาคใต้ของประเทศไทย มีความหลากหลายทางวัฒนธรรม,บริบทเชิงประวัติศาสตร์ ภูมิศาสตร์ และพื้นที่,ภูมิศาสตร์และอาณาบริเวณ,เขตปกครองและภูมิภาค,place,historical_spatial
ขับร้อง,การร้องเพลงหรือการแสดงเสียงเพลง,ศิลปะการแสดงและดนตรี,ดุริยางคศิลป์และคีตศิลป์,ระเบียบวิธีทางดนตรีและประเภทบทเพลง,music,performing_arts
ผู้มีพระคุณ,บุคคลที่มีความสำคัญหรือมีอำนาจในชีวิตของผู้อื่น,กลุ่มชาติพันธุ์ ชุมชน และวิถีชีวิต,โครงสร้างสังคมและบุคคลสำคัญ,ฐานันดรศักดิ์และบทบาททางสังคม,community,community_life
บริวาร,ผู้ติดตามหรือผู้ที่อยู่ในความดูแลของบุคคลสำคัญ,กลุ่มชาติพันธุ์ ชุมชน และวิถีชีวิต,โครงสร้างสังคมและบุคคลสำคัญ,ฐานันดรศักดิ์และบทบาททางสังคม,community,community_life
กุณฑล,เครื่องประดับหรืออัญมณีที่มีความสำคัญในวรรณกรรม,วัฒนธรรมวัตถุ ศิลปกรรม และงานช่าง,วัสดุและอัญมณี,วัสดุธรรมชาติและรัตนชาติ,artifact,material_culture
พระสังข์,ตัวละครในวรรณกรรมไทยที่มีลักษณะเป็นเทพหรืออมนุษย์,วรรณคดีและสิ่งมีชีวิตเชิงตำนาน,นามานุกรมและประเภทตัวละคร,เทวปกรณ์ อสูร และอมนุษย์,character,performing_arts
กระทบไม้,การตีหรือกระทบไม้เพื่อสร้างเสียงในดนตรี,ศิลปะการแสดงและดนตรี,ดุริยางคศิลป์และคีตศิลป์,เครื่องดนตรีและวงดนตรี,music,performing_arts
ริมแม่น้ำ,พื้นที่ที่อยู่ข้างแม่น้ำซึ่งมีความสำคัญทางวัฒนธรรม,บริบทเชิงประวัติศาสตร์ ภูมิศาสตร์ และพื้นที่,ภูมิศาสตร์และอาณาบริเวณ,พื้นที่ในคติความเชื่อและประวัติศาสตร์,place,historical_spatial
ออกเดินทาง,การเริ่มต้นการเดินทางหรือการเดินทางไปยังจุดหมาย,กลุ่มชาติพันธุ์ ชุมชน และวิถีชีวิต,วิถีชีวิตและพฤติกรรมทางสังคม,จารีตการปฏิบัติและพรรณไม้ในวิถีชีวิต,community,community_life
มเหสี,ภรรยาหรือคู่ครองของพระมหากษัตริย์,กลุ่มชาติพันธุ์ ชุมชน และวิถีชีวิต,โครงสร้างสังคมและบุคคลสำคัญ,ฐานันดรศักดิ์และบทบาททางสังคม,community,community_life
การขับร้อง,การแสดงเสียงเพลงหรือการร้องเพลง,ศิลปะการแสดงและดนตรี,ดุริยางคศิลป์และคีตศิลป์,ระเบียบวิธีทางดนตรีและประเภทบทเพลง,music,performing_arts
เพลงชาวไทย,เพลงที่มีลักษณะเฉพาะของชาวไทย,ศิลปะการแสดงและดนตรี,ดุริยางคศิลป์และคีตศิลป์,ระเบียบวิธีทางดนตรีและประเภทบทเพลง,music,performing_arts
ตารีกีปัส,ชื่อของเครื่องดนตรีพื้นบ้านที่มีลักษณะเฉพาะ,ศิลปะการแสดงและดนตรี,ดุริยางคศิลป์และคีตศิลป์,เครื่องดนตรีและวงดนตรี,music,performing_arts
งานประติมากรรม,งานศิลปะที่สร้างขึ้นจากการแกะสลักหรือปั้น,วัฒนธรรมวัตถุ ศิลปกรรม และงานช่าง,ประณีตศิลป์และทัศนศิลป์,งานช่างศิลปกรรมและเทคนิควิธี,artifact,material_culture
สมทบ,การรวมกำลังหรือทรัพยากรเพื่อสนับสนุน,บริบทเชิงประวัติศาสตร์ ภูมิศาสตร์ และพื้นที่,ยุคสมัยและเหตุการณ์สำคัญ,ลำดับเวลาและประวัติศาสตร์การสงคราม,concept,historical_spatial
ทัพหน้า,หน่วยทหารที่อยู่ในแนวหน้าของการรบ,บริบทเชิงประวัติศาสตร์ ภูมิศาสตร์ และพื้นที่,ยุคสมัยและเหตุการณ์สำคัญ,ลำดับเวลาและประวัติศาสตร์การสงคราม,concept,historical_spatial
ฟาดฟัน,การต่อสู้หรือการต่อสู้ด้วยอาวุธ,บริบทเชิงประวัติศาสตร์ ภูมิศาสตร์ และพื้นที่,ยุคสมัยและเหตุการณ์สำคัญ,ลำดับเวลาและประวัติศาสตร์การสงคราม,concept,historical_spatial
เต้นสาก,การเต้นที่ใช้สากเป็นอุปกรณ์ในการแสดง,ศิลปะการแสดงและดนตรี,นาฏยศิลป์และการแสดง,รูปแบบการแสดงและนาฏศิลป์ท้องถิ่น,music,performing_arts
บอกทาง,การชี้แนะหรือบอกเส้นทาง,บริบทเชิงประวัติศาสตร์ ภูมิศาสตร์ และพื้นที่,ภูมิศาสตร์และอาณาบริเวณ,เขตปกครองและภูมิภาค,place,historical_spatial
การตีกลอง,การใช้กลองในการแสดงหรือสื่อสาร,ศิลปะการแสดงและดนตรี,ดุริยางคศิลป์และคีตศิลป์,เครื่องดนตรีและวงดนตรี,music,performing_arts
นางรื่น,ตัวละครหญิงในวรรณกรรมที่มีลักษณะอ่อนหวาน,วรรณคดีและสิ่งมีชีวิตเชิงตำนาน,นามานุกรมและประเภทตัวละคร,ตัวละครหลักและบทบาทในบทละคร,character,performing_arts
ย่านาง,ตัวละครในตำนานที่เกี่ยวข้องกับความเชื่อ,วรรณคดีและสิ่งมีชีวิตเชิงตำนาน,นามานุกรมและประเภทตัวละคร,เทวปกรณ์ อสูร และอมนุษย์,character,performing_arts
ช้างเอราวัณ,สัตว์ในตำนานที่มีความสำคัญในวรรณกรรมไทย,วรรณคดีและสิ่งมีชีวิตเชิงตำนาน,นามานุกรมและประเภทตัวละคร,เทวปกรณ์ อสูร และอมนุษย์,character,performing_arts
กราบทูล,การนำเสนอหรือรายงานต่อผู้มีอำนาจ,พิธีกรรม ความเชื่อ และจารีตวัฒนธรรม,จารีตประเพณีและพิธีกรรม,พิธีการสำคัญและจารีตทางสังคม,ritual,ritual_belief
สมรภูมิ,พื้นที่ที่เกิดการต่อสู้หรือสงคราม,บริบทเชิงประวัติศาสตร์ ภูมิศาสตร์ และพื้นที่,ยุคสมัยและเหตุการณ์สำคัญ,ลำดับเวลาและประวัติศาสตร์การสงคราม,concept,historical_spatial
หมดแรง,การรู้สึกอ่อนเพลียหรือไม่มีพลัง,กลุ่มชาติพันธุ์ ชุมชน และวิถีชีวิต,วิถีชีวิตและพฤติกรรมทางสังคม,จารีตการปฏิบัติและพรรณไม้ในวิถีชีวิต,community,community_life
ตำนาน,เรื่องเล่าที่มีความสำคัญในวัฒนธรรมและประวัติศาสตร์,วรรณคดีและสิ่งมีชีวิตเชิงตำนาน,นามานุกรมและประเภทตัวละคร,เทวปกรณ์ อสูร และอมนุษย์,character,performing_arts
รังควาญ,การรบกวนหรือทำให้เดือดร้อน,พิธีกรรม ความเชื่อ และจารีตวัฒนธรรม,คติความเชื่อและไสยศาสตร์,การขจัดปัดเป่าและอำนาจเหนือธรรมชาติ,mythical_being,ritual_belief
ลำเพลิน,การแสดงที่มีความสนุกสนานและเพลิดเพลิน,ศิลปะการแสดงและดนตรี,นาฏยศิลป์และการแสดง,รูปแบบการแสดงและนาฏศิลป์ท้องถิ่น,music,performing_arts
ฟันปลา,อาวุธที่มีลักษณะคล้ายฟันปลา ใช้ในการต่อสู้,วัฒนธรรมวัตถุ ศิลปกรรม และงานช่าง,พัสตราภรณ์และเครื่องแต่งกาย,ระเบียบการแต่งกายและอาวุธจำลอง,artifact,material_culture
เมืองชมพู,ชื่อเมืองในวรรณกรรมไทยที่มีความสำคัญในเรื่องราว,บริบทเชิงประวัติศาสตร์ ภูมิศาสตร์ และพื้นที่,ภูมิศาสตร์และอาณาบริเวณ,เขตปกครองและภูมิภาค,place,historical_spatial
สิ้นชีพ,การตายหรือการสิ้นสุดของชีวิต,พิธีกรรม ความเชื่อ และจารีตวัฒนธรรม,ระบบความเชื่อและศาสนา,คติทางศาสนาและสิ่งศักดิ์สิทธิ์,deity,ritual_belief
วันวาน,วันหรือช่วงเวลาที่ผ่านมา,บริบทเชิงประวัติศาสตร์ ภูมิศาสตร์ และพื้นที่,ยุคสมัยและเหตุการณ์สำคัญ,ลำดับเวลาและประวัติศาสตร์การสงคราม,concept,historical_spatial
พิธีทางศาสนา,พิธีกรรมที่เกี่ยวข้องกับความเชื่อทางศาสนา,พิธีกรรม ความเชื่อ และจารีตวัฒนธรรม,จารีตประเพณีและพิธีกรรม,พิธีการสำคัญและจารีตทางสังคม,ritual,ritual_belief
ล้านนา,ชื่อภูมิภาคทางภาคเหนือของไทยที่มีวัฒนธรรมเฉพาะ,บริบทเชิงประวัติศาสตร์ ภูมิศาสตร์ และพื้นที่,ภูมิศาสตร์และอาณาบริเวณ,เขตปกครองและภูมิภาค,place,historical_spatial
อวตาร,การลงมาเกิดในรูปแบบใหม่ของเทพหรือบุคคลสำคัญ,วรรณคดีและสิ่งมีชีวิตเชิงตำนาน,นามานุกรมและประเภทตัวละคร,เทวปกรณ์ อสูร และอมนุษย์,character,performing_arts
เทวดา,สิ่งมีชีวิตที่มีอำนาจเหนือธรรมชาติในความเชื่อ,วรรณคดีและสิ่งมีชีวิตเชิงตำนาน,นามานุกรมและประเภทตัวละคร,เทวปกรณ์ อสูร และอมนุษย์,character,performing_arts
ตารี,เครื่องประดับที่ใช้ในการตกแต่งร่างกาย,วัฒนธรรมวัตถุ ศิลปกรรม และงานช่าง,ประณีตศิลป์และทัศนศิลป์,งานช่างศิลปกรรมและเทคนิควิธี,artifact,material_culture
กองไฟ,ไฟที่เกิดจากการเผาไหม้ของวัสดุ ใช้ในพิธีกรรมหรือการสังสรรค์,พิธีกรรม ความเชื่อ และจารีตวัฒนธรรม,จารีตประเพณีและพิธีกรรม,พิธีการสำคัญและจารีตทางสังคม,ritual,ritual_belief
ปราสาทพนมรุ้ง,สถานที่ทางประวัติศาสตร์ที่มีความสำคัญในวรรณกรรมไทย,บริบทเชิงประวัติศาสตร์ ภูมิศาสตร์ และพื้นที่,พื้นที่ทางวัฒนธรรมและสถาบัน,สถานที่จัดแสดงและเขตพระราชฐาน,place,historical_spatial
อิทธิฤทธิ์,พลังหรืออำนาจที่เหนือธรรมชาติ,พิธีกรรม ความเชื่อ และจารีตวัฒนธรรม,คติความเชื่อและไสยศาสตร์,การขจัดปัดเป่าและอำนาจเหนือธรรมชาติ,mythical_being,ritual_belief
สิ้นชีวิต,การตายหรือการสิ้นสุดของชีวิต,พิธีกรรม ความเชื่อ และจารีตวัฒนธรรม,ระบบความเชื่อและศาสนา,คติทางศาสนาและสิ่งศักดิ์สิทธิ์,deity,ritual_belief
กลับบ้าน,การกลับไปยังที่ที่เคยอยู่หรือที่ที่มีความหมาย,บริบทเชิงประวัติศาสตร์ ภูมิศาสตร์ และพื้นที่,ยุคสมัยและเหตุการณ์สำคัญ,ลำดับเวลาและประวัติศาสตร์การสงคราม,concept,historical_spatial
เพลงลาวคำหอม,เพลงพื้นบ้านที่มีความสำคัญในวัฒนธรรมลาว,ศิลปะการแสดงและดนตรี,ดุริยางคศิลป์และคีตศิลป์,ระเบียบวิธีทางดนตรีและประเภทบทเพลง,music,performing_arts
เครื่องประกอบจังหวะ,อุปกรณ์ที่ใช้ในการสร้างจังหวะในดนตรี,ศิลปะการแสดงและดนตรี,ดุริยางคศิลป์และคีตศิลป์,เครื่องดนตรีและวงดนตรี,music,performing_arts
พระพรหม,เทพเจ้าสูงสุดในศาสนาฮินดูที่เป็นผู้สร้างโลก,วรรณคดีและสิ่งมีชีวิตเชิงตำนาน,นามานุกรมและประเภทตัวละคร,เทวปกรณ์ อสูร และอมนุษย์,character,performing_arts
ทอผ้า,กระบวนการสร้างผ้าจากเส้นด้าย,วัฒนธรรมวัตถุ ศิลปกรรม และงานช่าง,พัสตราภรณ์และเครื่องแต่งกาย,ระเบียบการแต่งกายและอาวุธจำลอง,artifact,material_culture
พลลิง,ตัวละครในวรรณกรรมที่มีลักษณะเป็นลิง,วรรณคดีและสิ่งมีชีวิตเชิงตำนาน,นามานุกรมและประเภทตัวละคร,ตัวละครหลักและบทบาทในบทละคร,character,performing_arts
พระสวามี,สามีของพระนางในวรรณกรรมหรือศาสนา,วรรณคดีและสิ่งมีชีวิตเชิงตำนาน,สถานภาพและลำดับชั้นทางสังคมในวรรณกรรม,ฐานันดรศักดิ์และระบบเครือญาติ,concept,general
แม่น้ำโขง,แม่น้ำที่เป็นพรมแดนระหว่างประเทศไทยและประเทศลาว,บริบทเชิงประวัติศาสตร์ ภูมิศาสตร์ และพื้นที่,ภูมิศาสตร์และอาณาบริเวณ,เขตปกครองและภูมิภาค,place,historical_spatial
กองทัพ,กลุ่มคนที่จัดตั้งขึ้นเพื่อการรบ,บริบทเชิงประวัติศาสตร์ ภูมิศาสตร์ และพื้นที่,ยุคสมัยและเหตุการณ์สำคัญ,ลำดับเวลาและประวัติศาสตร์การสงคราม,concept,historical_spatial
ไพฑูรย์,ตัวละครในวรรณกรรมที่มีลักษณะเป็นผู้มีความรู้,วรรณคดีและสิ่งมีชีวิตเชิงตำนาน,นามานุกรมและประเภทตัวละคร,ตัวละครหลักและบทบาทในบทละคร,character,performing_arts
ลอยน้ำ,การเคลื่อนที่อยู่บนผิวน้ำ,กลุ่มชาติพันธุ์ ชุมชน และวิถีชีวิต,วิถีชีวิตและพฤติกรรมทางสังคม,จารีตการปฏิบัติและพรรณไม้ในวิถีชีวิต,community,community_life
หน้าบัน,ส่วนที่อยู่ด้านบนของประตูหรือหน้าต่าง,วัฒนธรรมวัตถุ ศิลปกรรม และงานช่าง,สถาปัตยกรรมและพุทธศิลป์,ศาสนสถานและปูชนียวัตถุ,artifact,material_culture
กรุงเทพ,เมืองหลวงของประเทศไทย,บริบทเชิงประวัติศาสตร์ ภูมิศาสตร์ และพื้นที่,ภูมิศาสตร์และอาณาบริเวณ,เขตปกครองและภูมิภาค,deity,historical_spatial
นางกินรี,ตัวละครในวรรณกรรมที่มีลักษณะเป็นนางฟ้า,วรรณคดีและสิ่งมีชีวิตเชิงตำนาน,นามานุกรมและประเภทตัวละคร,เทวปกรณ์ อสูร และอมนุษย์,character,performing_arts
การรบ,การต่อสู้ระหว่างกองทัพ,บริบทเชิงประวัติศาสตร์ ภูมิศาสตร์ และพื้นที่,ยุคสมัยและเหตุการณ์สำคัญ,ลำดับเวลาและประวัติศาสตร์การสงคราม,concept,historical_spatial
วานรินทร์,ตัวละครในวรรณกรรมที่มีลักษณะเป็นลิง,วรรณคดีและสิ่งมีชีวิตเชิงตำนาน,นามานุกรมและประเภทตัวละคร,ตัวละครหลักและบทบาทในบทละคร,character,performing_arts
ไฟไหม้,เหตุการณ์ที่เกิดไฟลุกไหม้,พิธีกรรม ความเชื่อ และจารีตวัฒนธรรม,จารีตประเพณีและพิธีกรรม,พิธีการสำคัญและจารีตทางสังคม,ritual,ritual_belief
ออกรบ,การเข้าร่วมการต่อสู้หรือสงคราม,บริบทเชิงประวัติศาสตร์ ภูมิศาสตร์ และพื้นที่,ยุคสมัยและเหตุการณ์สำคัญ,ลำดับเวลาและประวัติศาสตร์การสงคราม,concept,historical_spatial
กลุ่มชาติพันธุ์,กลุ่มคนที่มีวัฒนธรรมและประเพณีร่วมกัน,กลุ่มชาติพันธุ์ ชุมชน และวิถีชีวิต,อัตลักษณ์ทางสังคมและกลุ่มคน,กลุ่มชาติพันธุ์และชุมชนท้องถิ่น,community,community_life
ขี่ม้า,การนั่งบนหลังม้าเพื่อเดินทางหรือแข่งขัน,กลุ่มชาติพันธุ์ ชุมชน และวิถีชีวิต,วิถีชีวิตและพฤติกรรมทางสังคม,จารีตการปฏิบัติและพรรณไม้ในวิถีชีวิต,community,community_life
น้ำมันยาง,สารที่ได้จากต้นยางพารา ใช้ในการผลิตยาง,วัฒนธรรมวัตถุ ศิลปกรรม และงานช่าง,วัสดุและอัญมณี,วัสดุธรรมชาติและรัตนชาติ,artifact,material_culture
มีฤทธิ์,มีพลังหรืออำนาจในการทำสิ่งใดสิ่งหนึ่ง,พิธีกรรม ความเชื่อ และจารีตวัฒนธรรม,คติความเชื่อและไสยศาสตร์,การขจัดปัดเป่าและอำนาจเหนือธรรมชาติ,mythical_being,ritual_belief
ฉลองพระองค์,การแต่งกายหรือสวมใส่เสื้อผ้าสำหรับพระมหากษัตริย์,วัฒนธรรมวัตถุ ศิลปกรรม และงานช่าง,พัสตราภรณ์และเครื่องแต่งกาย,ระเบียบการแต่งกายและอาวุธจำลอง,artifact,material_culture
สมัยสุโขทัย,ยุคประวัติศาสตร์ไทยที่มีอาณาจักรสุโขทัยเป็นศูนย์กลาง,บริบทเชิงประวัติศาสตร์ ภูมิศาสตร์ และพื้นที่,ยุคสมัยและเหตุการณ์สำคัญ,ลำดับเวลาและประวัติศาสตร์การสงคราม,concept,historical_spatial
พระอินทร์,เทพเจ้าที่มีอำนาจในศาสนาพราหมณ์-ฮินดู,วรรณคดีและสิ่งมีชีวิตเชิงตำนาน,นามานุกรมและประเภทตัวละคร,เทวปกรณ์ อสูร และอมนุษย์,character,performing_arts
การต่อสู้,การเผชิญหน้าหรือแข่งขันระหว่างฝ่ายต่างๆ,บริบทเชิงประวัติศาสตร์ ภูมิศาสตร์ และพื้นที่,ยุคสมัยและเหตุการณ์สำคัญ,ลำดับเวลาและประวัติศาสตร์การสงคราม,concept,historical_spatial
พระนิพนธ์,งานเขียนหรือผลงานที่พระมหากษัตริย์หรือพระราชินีสร้างขึ้น,วรรณคดีและสิ่งมีชีวิตเชิงตำนาน,นามานุกรมและประเภทตัวละคร,เทวปกรณ์ อสูร และอมนุษย์,character,performing_arts
การโปรย,การกระทำที่ทำให้สิ่งของตกลงมาเป็นจำนวนมาก,พิธีกรรม ความเชื่อ และจารีตวัฒนธรรม,จารีตประเพณีและพิธีกรรม,พิธีการสำคัญและจารีตทางสังคม,ritual,ritual_belief
ดาวดึงส์,สวรรค์ชั้นหนึ่งในความเชื่อทางศาสนาพราหมณ์-ฮินดู,วรรณคดีและสิ่งมีชีวิตเชิงตำนาน,นามานุกรมและประเภทตัวละคร,เทวปกรณ์ อสูร และอมนุษย์,character,performing_arts
กลางคืน,ช่วงเวลาที่มีแสงน้อยหรือไม่มีแสง,บริบทเชิงประวัติศาสตร์ ภูมิศาสตร์ และพื้นที่,ภูมิศาสตร์และอาณาบริเวณ,เขตปกครองและภูมิภาค,place,historical_spatial
เพลงฟ้อนดวงดอกไม้,เพลงที่ใช้ในการฟ้อนรำที่มีทำนองไพเราะ,ศิลปะการแสดงและดนตรี,ดุริยางคศิลป์และคีตศิลป์,ระเบียบวิธีทางดนตรีและประเภทบทเพลง,music,performing_arts
ดนตรีไทย,รูปแบบของดนตรีที่มีเอกลักษณ์เฉพาะตัวของไทย,ศิลปะการแสดงและดนตรี,ดุริยางคศิลป์และคีตศิลป์,ระเบียบวิธีทางดนตรีและประเภทบทเพลง,music,performing_arts
ชาวภูไท,กลุ่มชาติพันธุ์ที่มีวัฒนธรรมและภาษาของตนเองในประเทศไทย,กลุ่มชาติพันธุ์ ชุมชน และวิถีชีวิต,อัตลักษณ์ทางสังคมและกลุ่มคน,กลุ่มชาติพันธุ์และชุมชนท้องถิ่น,community,community_life
องคต,ตัวละครในวรรณกรรมไทยที่มีบทบาทสำคัญในเรื่อง,วรรณคดีและสิ่งมีชีวิตเชิงตำนาน,นามานุกรมและประเภทตัวละคร,ตัวละครหลักและบทบาทในบทละคร,character,performing_arts
ลาวเวียง,ชื่อเรียกของกลุ่มชาติพันธุ์ที่มีวัฒนธรรมและภาษาของตนเองในภาคอีสาน,กลุ่มชาติพันธุ์ ชุมชน และวิถีชีวิต,อัตลักษณ์ทางสังคมและกลุ่มคน,กลุ่มชาติพันธุ์และชุมชนท้องถิ่น,community,community_life
ละครเสภา,รูปแบบการแสดงที่มีการเล่าเรื่องผ่านบทเพลงและการแสดง,ศิลปะการแสดงและดนตรี,นาฏยศิลป์และการแสดง,กระบวนท่ารำและจารีตการแสดง,music,performing_arts
มวยโบราณ,ศิลปะการต่อสู้แบบดั้งเดิมของไทยที่มีการฝึกฝนและแข่งขัน,กลุ่มชาติพันธุ์ ชุมชน และวิถีชีวิต,วิถีชีวิตและระบบเศรษฐกิจ,การประกอบอาชีพและโภชนาการ,community,historical_spatial
ป้องกันตัว,เทคนิคการป้องกันตัวจากการโจมตีหรือการทำร้าย,กลุ่มชาติพันธุ์ ชุมชน และวิถีชีวิต,วิถีชีวิตและพฤติกรรมทางสังคม,จารีตการปฏิบัติและพรรณไม้ในวิถีชีวิต,community,community_life
ลิลิตพระลอ,วรรณกรรมไทยที่เล่าเรื่องราวความรักและความสูญเสีย,วรรณคดีและสิ่งมีชีวิตเชิงตำนาน,นามานุกรมและประเภทตัวละคร,ตัวละครหลักและบทบาทในบทละคร,character,performing_arts
อยุธยา,ชื่อเมืองหลวงเก่าของไทยที่มีความสำคัญทางประวัติศาสตร์,บริบทเชิงประวัติศาสตร์ ภูมิศาสตร์ และพื้นที่,ภูมิศาสตร์และอาณาบริเวณ,เขตปกครองและภูมิภาค,place,historical_spatial
หน่อไม้,พืชที่ใช้เป็นอาหารในวัฒนธรรมไทย,กลุ่มชาติพันธุ์ ชุมชน และวิถีชีวิต,วิถีชีวิตและระบบเศรษฐกิจ,การประกอบอาชีพและโภชนาการ,community,community_life
รำมาตรฐาน,รูปแบบการรำที่มีการกำหนดท่าทางและจังหวะอย่างชัดเจน,ศิลปะการแสดงและดนตรี,นาฏยศิลป์และการแสดง,กระบวนท่ารำและจารีตการแสดง,music,performing_arts
จองถนน,การจัดการพื้นที่สำหรับการแสดงหรือกิจกรรมต่างๆ,ศิลปะการแสดงและดนตรี,นาฏยศิลป์และการแสดง,กระบวนท่ารำและจารีตการแสดง,music,performing_arts
ทหารเอก,ตำแหน่งของบุคคลที่มีความสำคัญในด้านการทหาร,กลุ่มชาติพันธุ์ ชุมชน และวิถีชีวิต,โครงสร้างสังคมและบุคคลสำคัญ,ฐานันดรศักดิ์และบทบาททางสังคม,community,community_life
สอดแทรก,การนำเสนอเนื้อหาหรือความคิดในบริบทที่ไม่คาดคิด,วรรณคดีและสิ่งมีชีวิตเชิงตำนาน,นามานุกรมและประเภทตัวละคร,เทวปกรณ์ อสูร และอมนุษย์,character,performing_arts
นางพญาคำปิน,ตัวละครในวรรณกรรมไทยที่มีบทบาทสำคัญในเรื่อง,วรรณคดีและสิ่งมีชีวิตเชิงตำนาน,นามานุกรมและประเภทตัวละคร,ตัวละครหลักและบทบาทในบทละคร,character,performing_arts
ท้าวพิชัยพิษณุกร,ตัวละครในวรรณกรรมไทยที่มีบทบาทสำคัญในเรื่อง,วรรณคดีและสิ่งมีชีวิตเชิงตำนาน,นามานุกรมและประเภทตัวละคร,ตัวละครหลักและบทบาทในบทละคร,character,performing_arts
เพลงดวงจันทร์วันเพ็ญ,เพลงที่มีความเกี่ยวข้องกับความงามของดวงจันทร์ในคืนวันเพ็ญ,ศิลปะการแสดงและดนตรี,ดุริยางคศิลป์และคีตศิลป์,ระเบียบวิธีทางดนตรีและประเภทบทเพลง,music,performing_arts
นิ้วเพชร,ชื่อของตัวละครในวรรณกรรมที่มีความสามารถพิเศษ,วรรณคดีและสิ่งมีชีวิตเชิงตำนาน,นามานุกรมและประเภทตัวละคร,ตัวละครหลักและบทบาทในบทละคร,character,performing_arts
ขีดขิน,คำที่ใช้เรียกสิ่งที่มีลักษณะเฉพาะในวรรณกรรมหรือวัฒนธรรม,วรรณคดีและสิ่งมีชีวิตเชิงตำนาน,นามานุกรมและประเภทตัวละคร,เทวปกรณ์ อสูร และอมนุษย์,character,performing_arts
พื้นบ้านภาคใต้,วัฒนธรรมและวิถีชีวิตของชุมชนในภาคใต้ของไทย,กลุ่มชาติพันธุ์ ชุมชน และวิถีชีวิต,วิถีชีวิตและระบบเศรษฐกิจ,การประกอบอาชีพและโภชนาการ,community,community_life
พิเภก,ตัวละครในวรรณกรรมที่มีบทบาทสำคัญในเรื่องราว,วรรณคดีและสิ่งมีชีวิตเชิงตำนาน,นามานุกรมและประเภทตัวละคร,ตัวละครหลักและบทบาทในบทละคร,character,performing_arts
ไทยดุสิต,ชื่อที่ใช้เรียกถึงความเป็นไทยในด้านวัฒนธรรมและประเพณี,กลุ่มชาติพันธุ์ ชุมชน และวิถีชีวิต,อัตลักษณ์ทางสังคมและกลุ่มคน,กลุ่มชาติพันธุ์และชุมชนท้องถิ่น,community,community_life
การดีด,การเล่นเครื่องดนตรีโดยการดีดสาย,ศิลปะการแสดงและดนตรี,ดุริยางคศิลป์และคีตศิลป์,เครื่องดนตรีและวงดนตรี,music,performing_arts
ขุนแผน,ตัวละครในวรรณกรรมที่มีความสามารถพิเศษและเป็นที่รู้จัก,วรรณคดีและสิ่งมีชีวิตเชิงตำนาน,นามานุกรมและประเภทตัวละคร,ตัวละครหลักและบทบาทในบทละคร,character,performing_arts
รัชฎา,ชื่อที่ใช้เรียกถึงสถานะทางสังคมในวรรณกรรม,วรรณคดีและสิ่งมีชีวิตเชิงตำนาน,สถานภาพและลำดับชั้นทางสังคมในวรรณกรรม,ฐานันดรศักดิ์และระบบเครือญาติ,concept,general
ท้าวลัสเตียน,ตัวละครในวรรณกรรมที่มีบทบาทสำคัญในเรื่องราว,วรรณคดีและสิ่งมีชีวิตเชิงตำนาน,นามานุกรมและประเภทตัวละคร,ตัวละครหลักและบทบาทในบทละคร,character,performing_arts
พระอิศวร,เทพเจ้าที่มีความสำคัญในความเชื่อและวรรณกรรม,วรรณคดีและสิ่งมีชีวิตเชิงตำนาน,นามานุกรมและประเภทตัวละคร,เทวปกรณ์ อสูร และอมนุษย์,character,performing_arts
เขี้ยวแก้ว,วัตถุที่มีความสำคัญในวรรณกรรมและความเชื่อ,วรรณคดีและสิ่งมีชีวิตเชิงตำนาน,นามานุกรมและประเภทตัวละคร,เทวปกรณ์ อสูร และอมนุษย์,character,performing_arts
กิจจะ,คำที่ใช้เรียกถึงกิจกรรมหรือการกระทำในวรรณกรรม,วรรณคดีและสิ่งมีชีวิตเชิงตำนาน,นามานุกรมและประเภทตัวละคร,ตัวละครหลักและบทบาทในบทละคร,character,performing_arts
ตะเขิ่ง,ชื่อของเครื่องดนตรีพื้นบ้านที่มีความสำคัญในวัฒนธรรม,ศิลปะการแสดงและดนตรี,ดุริยางคศิลป์และคีตศิลป์,เครื่องดนตรีและวงดนตรี,music,performing_arts
ภาคกลาง,พื้นที่ทางภูมิศาสตร์ที่มีความสำคัญในประวัติศาสตร์และวัฒนธรรมไทย,บริบทเชิงประวัติศาสตร์ ภูมิศาสตร์ และพื้นที่,ภูมิศาสตร์และอาณาบริเวณ,เขตปกครองและภูมิภาค,place,historical_spatial
ขอขมา,พิธีกรรมที่แสดงความขอโทษหรือขออภัยต่อสิ่งศักดิ์สิทธิ์หรือผู้มีพระคุณ,พิธีกรรม ความเชื่อ และจารีตวัฒนธรรม,จารีตประเพณีและพิธีกรรม,พิธีการสำคัญและจารีตทางสังคม,ritual,ritual_belief
ภาคตะวันออกเฉียงเหนือ,ภูมิภาคหนึ่งของประเทศไทยที่มีวัฒนธรรมและประเพณีเฉพาะตัว,บริบทเชิงประวัติศาสตร์ ภูมิศาสตร์ และพื้นที่,ภูมิศาสตร์และอาณาบริเวณ,เขตปกครองและภูมิภาค,place,historical_spatial
มลายู,กลุ่มชาติพันธุ์ที่มีวัฒนธรรมและภาษาที่เป็นเอกลักษณ์ในภูมิภาคเอเชียตะวันออกเฉียงใต้,กลุ่มชาติพันธุ์ ชุมชน และวิถีชีวิต,อัตลักษณ์ทางสังคมและกลุ่มคน,กลุ่มชาติพันธุ์และชุมชนท้องถิ่น,community,community_life
ไทยทรงดำ,กลุ่มชาติพันธุ์ที่มีเอกลักษณ์ทางวัฒนธรรมและการแต่งกายเฉพาะตัวในประเทศไทย,กลุ่มชาติพันธุ์ ชุมชน และวิถีชีวิต,อัตลักษณ์ทางสังคมและกลุ่มคน,กลุ่มชาติพันธุ์และชุมชนท้องถิ่น,community,community_life
มุกดาหาร,จังหวัดหนึ่งในภาคตะวันออกเฉียงเหนือของประเทศไทย,บริบทเชิงประวัติศาสตร์ ภูมิศาสตร์ และพื้นที่,ภูมิศาสตร์และอาณาบริเวณ,เขตปกครองและภูมิภาค,place,historical_spatial
พระองค์,คำเรียกที่ใช้สำหรับพระมหากษัตริย์หรือพระราชินี,กลุ่มชาติพันธุ์ ชุมชน และวิถีชีวิต,โครงสร้างสังคมและบุคคลสำคัญ,ฐานันดรศักดิ์และบทบาททางสังคม,community,community_life
ละครใน,รูปแบบการแสดงที่มีการเล่าเรื่องผ่านการแสดงและบทพูด,ศิลปะการแสดงและดนตรี,นาฏยศิลป์และการแสดง,กระบวนท่ารำและจารีตการแสดง,music,performing_arts
กุลสตรี,คำที่ใช้เรียกผู้หญิงที่มีความประพฤติดีและมีคุณธรรม,กลุ่มชาติพันธุ์ ชุมชน และวิถีชีวิต,โครงสร้างสังคมและบุคคลสำคัญ,ฐานันดรศักดิ์และบทบาททางสังคม,community,community_life
ฤาษี,ตัวละครในวรรณกรรมที่มีความสามารถพิเศษและมักเกี่ยวข้องกับการบำเพ็ญเพียร,วรรณคดีและสิ่งมีชีวิตเชิงตำนาน,นามานุกรมและประเภทตัวละคร,เทวปกรณ์ อสูร และอมนุษย์,character,performing_arts
เพลงมอญดูดาว,เพลงพื้นบ้านที่มีความเกี่ยวข้องกับวัฒนธรรมมอญ,ศิลปะการแสดงและดนตรี,ดุริยางคศิลป์และคีตศิลป์,ระเบียบวิธีทางดนตรีและประเภทบทเพลง,music,performing_arts
บุษราคัม,อัญมณีที่มีสีเหลืองทองและมีค่าในวัฒนธรรมไทย,วัฒนธรรมวัตถุ ศิลปกรรม และงานช่าง,วัสดุและอัญมณี,วัสดุธรรมชาติและรัตนชาติ,artifact,material_culture
บูชายัญ,พิธีกรรมที่มีการถวายสิ่งของหรือสัตว์เพื่อแสดงความเคารพต่อสิ่งศักดิ์สิทธิ์,พิธีกรรม ความเชื่อ และจารีตวัฒนธรรม,จารีตประเพณีและพิธีกรรม,พิธีการสำคัญและจารีตทางสังคม,ritual,ritual_belief
ข้าวเหนียว,อาหารที่ทำจากข้าวเหนียวซึ่งเป็นส่วนสำคัญในวัฒนธรรมการกินของไทย,กลุ่มชาติพันธุ์ ชุมชน และวิถีชีวิต,วิถีชีวิตและระบบเศรษฐกิจ,การประกอบอาชีพและโภชนาการ,community,community_life
สระอโนดาต,สถานที่ในวรรณกรรมที่มีความสำคัญในเรื่องราวต่างๆ,บริบทเชิงประวัติศาสตร์ ภูมิศาสตร์ และพื้นที่,พื้นที่ทางวัฒนธรรมและสถาบัน,สถานที่จัดแสดงและเขตพระราชฐาน,place,historical_spatial
สุพรรณมัจฉา,ตัวละครในวรรณกรรมที่มีความสำคัญในเรื่องราวเกี่ยวกับปลา,วรรณคดีและสิ่งมีชีวิตเชิงตำนาน,นามานุกรมและประเภทตัวละคร,ตัวละครหลักและบทบาทในบทละคร,character,performing_arts
พัดเรนัง,พัดที่ใช้ในพิธีกรรมหรือการแสดงที่มีความสำคัญในวัฒนธรรมไทย,ศิลปะการแสดงและดนตรี,นาฏยศิลป์และการแสดง,กระบวนท่ารำและจารีตการแสดง,music,performing_arts
บินหนี,การหลบหนีหรือการหลบซ่อนตัวในบริบทของวรรณกรรม,วรรณคดีและสิ่งมีชีวิตเชิงตำนาน,นามานุกรมและประเภทตัวละคร,เทวปกรณ์ อสูร และอมนุษย์,character,performing_arts
ภาคอีสาน,ภูมิภาคหนึ่งของประเทศไทยที่มีวัฒนธรรมและประเพณีเฉพาะ,บริบทเชิงประวัติศาสตร์ ภูมิศาสตร์ และพื้นที่,ภูมิศาสตร์และอาณาบริเวณ,เขตปกครองและภูมิภาค,place,historical_spatial
แม่บท,บทที่เป็นต้นแบบหรือหลักในการสร้างสรรค์งานศิลปะ,ศิลปะการแสดงและดนตรี,นาฏยศิลป์และการแสดง,กระบวนท่ารำและจารีตการแสดง,music,performing_arts
ข่ายเหล็ก,อุปกรณ์ที่ใช้ในการจับหรือดักสัตว์,กลุ่มชาติพันธุ์ ชุมชน และวิถีชีวิต,วิถีชีวิตและระบบเศรษฐกิจ,การประกอบอาชีพและโภชนาการ,community,community_life
ฝากตัว,การขอให้ผู้อื่นช่วยดูแลหรือสนับสนุน,กลุ่มชาติพันธุ์ ชุมชน และวิถีชีวิต,วิถีชีวิตและพฤติกรรมทางสังคม,จารีตการปฏิบัติและพรรณไม้ในวิถีชีวิต,community,community_life
การนุ่งห่ม,การสวมใส่เสื้อผ้าในวัฒนธรรมไทย,วัฒนธรรมวัตถุ ศิลปกรรม และงานช่าง,พัสตราภรณ์และเครื่องแต่งกาย,ระเบียบการแต่งกายและอาวุธจำลอง,artifact,material_culture
นางใน,ตัวละครหญิงที่มีบทบาทสำคัญในวรรณกรรมหรือการแสดง,วรรณคดีและสิ่งมีชีวิตเชิงตำนาน,นามานุกรมและประเภทตัวละคร,เทวปกรณ์ อสูร และอมนุษย์,character,performing_arts
ฝ่ามือ,ส่วนของมือที่ใช้ในการสัมผัสหรือจับสิ่งของ,กลุ่มชาติพันธุ์ ชุมชน และวิถีชีวิต,วิถีชีวิตและพฤติกรรมทางสังคม,จารีตการปฏิบัติและพรรณไม้ในวิถีชีวิต,community,community_life
แม่ท่า,ผู้หญิงที่มีบทบาทสำคัญในพิธีกรรมหรือการแสดง,ศิลปะการแสดงและดนตรี,นาฏยศิลป์และการแสดง,กระบวนท่ารำและจารีตการแสดง,music,performing_arts
ขันดอก,ภาชนะที่ใช้ในการบูชาหรือจัดพิธีกรรม,พิธีกรรม ความเชื่อ และจารีตวัฒนธรรม,จารีตประเพณีและพิธีกรรม,พิธีการสำคัญและจารีตทางสังคม,ritual,ritual_belief
บุรี,ชื่อเรียกเมืองหรือสถานที่ในประเทศไทย,บริบทเชิงประวัติศาสตร์ ภูมิศาสตร์ และพื้นที่,ภูมิศาสตร์และอาณาบริเวณ,เขตปกครองและภูมิภาค,place,historical_spatial
เพลงหน้าพาทย์,เพลงที่ใช้ในการแสดงนาฏศิลป์ไทย,ศิลปะการแสดงและดนตรี,ดุริยางคศิลป์และคีตศิลป์,ระเบียบวิธีทางดนตรีและประเภทบทเพลง,music,performing_arts
สากล,แนวทางหรือรูปแบบที่เป็นที่ยอมรับในระดับสากล,ศิลปะการแสดงและดนตรี,ดุริยางคศิลป์และคีตศิลป์,ระเบียบวิธีทางดนตรีและประเภทบทเพลง,music,performing_arts
ภารตนาฏยัม,รูปแบบการแสดงนาฏศิลป์จากประเทศอินเดีย,ศิลปะการแสดงและดนตรี,นาฏยศิลป์และการแสดง,กระบวนท่ารำและจารีตการแสดง,music,performing_arts
พระมหากษัตริย์,ผู้นำสูงสุดของประเทศที่มีอำนาจทางการเมืองและศาสนา,บริบทเชิงประวัติศาสตร์ ภูมิศาสตร์ และพื้นที่,ภูมิศาสตร์และอาณาบริเวณ,เขตปกครองและภูมิภาค,place,historical_spatial
กรุงรัตนโกสินทร์,ชื่อเมืองหลวงของประเทศไทยที่ก่อตั้งในปี พ.ศ. 2325,บริบทเชิงประวัติศาสตร์ ภูมิศาสตร์ และพื้นที่,ภูมิศาสตร์และอาณาบริเวณ,เขตปกครองและภูมิภาค,place,historical_spatial
ลำนำ,บทเพลงหรือบทกลอนที่มีทำนองเฉพาะ,ศิลปะการแสดงและดนตรี,ดุริยางคศิลป์และคีตศิลป์,ระเบียบวิธีทางดนตรีและประเภทบทเพลง,music,performing_arts
ตามเพลง,การเคลื่อนไหวหรือการแสดงที่สอดคล้องกับทำนองเพลง,ศิลปะการแสดงและดนตรี,นาฏยศิลป์และการแสดง,กระบวนท่ารำและจารีตการแสดง,music,performing_arts
นางฟ้า,ตัวละครในตำนานที่มีลักษณะงดงามและมีพลังเหนือธรรมชาติ,วรรณคดีและสิ่งมีชีวิตเชิงตำนาน,นามานุกรมและประเภทตัวละคร,เทวปกรณ์ อสูร และอมนุษย์,character,performing_arts
การจับปลา,กิจกรรมการหาปลาจากแหล่งน้ำ,กลุ่มชาติพันธุ์ ชุมชน และวิถีชีวิต,วิถีชีวิตและระบบเศรษฐกิจ,การประกอบอาชีพและโภชนาการ,community,community_life
กาฬสินธุ์,ชื่อจังหวัดหนึ่งในประเทศไทยที่มีประวัติศาสตร์และวัฒนธรรมเฉพาะ,บริบทเชิงประวัติศาสตร์ ภูมิศาสตร์ และพื้นที่,ภูมิศาสตร์และอาณาบริเวณ,เขตปกครองและภูมิภาค,place,historical_spatial
เพลงบูชานักรบ,บทเพลงที่ใช้ในการบูชาหรือระลึกถึงนักรบ,ศิลปะการแสดงและดนตรี,ดุริยางคศิลป์และคีตศิลป์,ระเบียบวิธีทางดนตรีและประเภทบทเพลง,ritual,ritual_belief
มัยราพณ์,ตัวละครในวรรณกรรมที่มีลักษณะเฉพาะและบทบาทสำคัญ,วรรณคดีและสิ่งมีชีวิตเชิงตำนาน,นามานุกรมและประเภทตัวละคร,ตัวละครหลักและบทบาทในบทละคร,character,performing_arts
เพลงฝรั่งรำเท้า,บทเพลงที่มีทำนองเฉพาะที่ใช้ในการรำ,ศิลปะการแสดงและดนตรี,ดุริยางคศิลป์และคีตศิลป์,ระเบียบวิธีทางดนตรีและประเภทบทเพลง,music,performing_arts
น้องสาว,คำเรียกผู้หญิงที่มีความสัมพันธ์เป็นพี่น้อง,กลุ่มชาติพันธุ์ ชุมชน และวิถีชีวิต,โครงสร้างสังคมและบุคคลสำคัญ,ฐานันดรศักดิ์และบทบาททางสังคม,community,community_life
วาดรูป,กิจกรรมการสร้างภาพด้วยการใช้เครื่องมือวาด,วัฒนธรรมวัตถุ ศิลปกรรม และงานช่าง,ประณีตศิลป์และทัศนศิลป์,งานช่างศิลปกรรมและเทคนิควิธี,artifact,material_culture
ภาพจิตรกรรมฝาผนัง,งานศิลปะที่วาดบนผนังเพื่อสื่อความหมายหรือเล่าเรื่อง,วัฒนธรรมวัตถุ ศิลปกรรม และงานช่าง,ประณีตศิลป์และทัศนศิลป์,งานช่างศิลปกรรมและเทคนิควิธี,artifact,material_culture
ทำนาย,การคาดการณ์หรือบอกเหตุการณ์ในอนาคต,พิธีกรรม ความเชื่อ และจารีตวัฒนธรรม,คติความเชื่อและไสยศาสตร์,การขจัดปัดเป่าและอำนาจเหนือธรรมชาติ,mythical_being,ritual_belief
บุหงา,ดอกไม้ที่มีความหมายในวัฒนธรรมไทยและใช้ในพิธีกรรม,พิธีกรรม ความเชื่อ และจารีตวัฒนธรรม,ระบบความเชื่อและศาสนา,คติทางศาสนาและสิ่งศักดิ์สิทธิ์,deity,ritual_belief
เครื่องดนตรีพื้นเมือง,เครื่องดนตรีที่มีต้นกำเนิดจากวัฒนธรรมท้องถิ่น,ศิลปะการแสดงและดนตรี,ดุริยางคศิลป์และคีตศิลป์,เครื่องดนตรีและวงดนตรี,music,performing_arts
ปูนปั้น,งานศิลปะที่สร้างจากปูนเพื่อประดับตกแต่ง,วัฒนธรรมวัตถุ ศิลปกรรม และงานช่าง,ประณีตศิลป์และทัศนศิลป์,งานช่างศิลปกรรมและเทคนิควิธี,artifact,material_culture
รัวฉิ่ง,การตีฉิ่งในจังหวะที่เร็วและต่อเนื่อง,ศิลปะการแสดงและดนตรี,ดุริยางคศิลป์และคีตศิลป์,ระเบียบวิธีทางดนตรีและประเภทบทเพลง,music,performing_arts
ให้ร้าย,การกล่าวหาหรือทำให้ผู้อื่นเสื่อมเสียชื่อเสียง,กลุ่มชาติพันธุ์ ชุมชน และวิถีชีวิต,วิถีชีวิตและพฤติกรรมทางสังคม,จารีตการปฏิบัติและพรรณไม้ในวิถีชีวิต,community,community_life
นครปฐม,จังหวัดหนึ่งในประเทศไทยที่มีความสำคัญทางประวัติศาสตร์,บริบทเชิงประวัติศาสตร์ ภูมิศาสตร์ และพื้นที่,ภูมิศาสตร์และอาณาบริเวณ,เขตปกครองและภูมิภาค,place,historical_spatial
สำมนักขา,การทำพิธีกรรมเพื่อขอพรหรือขจัดสิ่งไม่ดี,พิธีกรรม ความเชื่อ และจารีตวัฒนธรรม,ระบบความเชื่อและศาสนา,คติทางศาสนาและสิ่งศักดิ์สิทธิ์,deity,ritual_belief
จัดทัพ,การจัดระเบียบหรือเตรียมการสำหรับการต่อสู้,บริบทเชิงประวัติศาสตร์ ภูมิศาสตร์ และพื้นที่,ยุคสมัยและเหตุการณ์สำคัญ,ลำดับเวลาและประวัติศาสตร์การสงคราม,concept,historical_spatial
ลำตังหวาย,การแสดงพื้นบ้านที่ใช้ทำนองและจังหวะเฉพาะ,ศิลปะการแสดงและดนตรี,นาฏยศิลป์และการแสดง,กระบวนท่ารำและจารีตการแสดง,music,performing_arts
สัทธาสูร,ตัวละครในวรรณกรรมที่มีลักษณะเป็นอสูร,วรรณคดีและสิ่งมีชีวิตเชิงตำนาน,นามานุกรมและประเภทตัวละคร,เทวปกรณ์ อสูร และอมนุษย์,character,performing_arts
เกษตรกรรม,การทำการเกษตรเพื่อผลิตอาหารและพืชผล,กลุ่มชาติพันธุ์ ชุมชน และวิถีชีวิต,วิถีชีวิตและระบบเศรษฐกิจ,การประกอบอาชีพและโภชนาการ,community,community_life
หลักราชการ,แนวทางหรือหลักการในการบริหารราชการ,กลุ่มชาติพันธุ์ ชุมชน และวิถีชีวิต,โครงสร้างสังคมและบุคคลสำคัญ,ฐานันดรศักดิ์และบทบาททางสังคม,community,community_life
เพลงฉิ่ง,เพลงที่ใช้เครื่องดนตรีฉิ่งเป็นหลักในการแสดง,ศิลปะการแสดงและดนตรี,ดุริยางคศิลป์และคีตศิลป์,ระเบียบวิธีทางดนตรีและประเภทบทเพลง,music,performing_arts
พระเพื่อน,ตัวละครในวรรณกรรมที่มีบทบาทสำคัญ,วรรณคดีและสิ่งมีชีวิตเชิงตำนาน,นามานุกรมและประเภทตัวละคร,เทวปกรณ์ อสูร และอมนุษย์,character,performing_arts
พลายชุมพล,ตัวละครในวรรณกรรมที่มีลักษณะเป็นวีรบุรุษ,วรรณคดีและสิ่งมีชีวิตเชิงตำนาน,นามานุกรมและประเภทตัวละคร,เทวปกรณ์ อสูร และอมนุษย์,character,performing_arts
เพลงดอกไม้ของชาติ,เพลงที่มีความหมายเกี่ยวกับความรักชาติ,ศิลปะการแสดงและดนตรี,ดุริยางคศิลป์และคีตศิลป์,ระเบียบวิธีทางดนตรีและประเภทบทเพลง,music,performing_arts
ประชิดตัว,การอยู่ใกล้ชิดหรือสัมผัสกัน,กลุ่มชาติพันธุ์ ชุมชน และวิถีชีวิต,วิถีชีวิตและพฤติกรรมทางสังคม,จารีตการปฏิบัติและพรรณไม้ในวิถีชีวิต,community,community_life
พระเมรุ,สถานที่สำหรับประกอบพิธีเผาศพของพระมหากษัตริย์,พิธีกรรม ความเชื่อ และจารีตวัฒนธรรม,จารีตประเพณีและพิธีกรรม,พิธีการสำคัญและจารีตทางสังคม,ritual,ritual_belief
ไทยเรือนต้น,ชื่อเรียกบ้านเรือนแบบไทยที่มีลักษณะเฉพาะ,วัฒนธรรมวัตถุ ศิลปกรรม และงานช่าง,สถาปัตยกรรมและพุทธศิลป์,ศาสนสถานและปูชนียวัตถุ,artifact,material_culture
ชุมพร,ชื่อจังหวัดหนึ่งในประเทศไทย,บริบทเชิงประวัติศาสตร์ ภูมิศาสตร์ และพื้นที่,ภูมิศาสตร์และอาณาบริเวณ,เขตปกครองและภูมิภาค,place,historical_spatial
นางอัปสราบายน,ตัวละครในวรรณกรรมไทยที่มีลักษณะเป็นเทพธิดา,วรรณคดีและสิ่งมีชีวิตเชิงตำนาน,นามานุกรมและประเภทตัวละคร,เทวปกรณ์ อสูร และอมนุษย์,character,performing_arts
ศรพาลจันทร์,ตัวละครในวรรณกรรมไทยที่มีบทบาทสำคัญ,วรรณคดีและสิ่งมีชีวิตเชิงตำนาน,นามานุกรมและประเภทตัวละคร,ตัวละครหลักและบทบาทในบทละคร,character,performing_arts
แสงอาทิตย์,แสงที่มาจากดวงอาทิตย์,กลุ่มชาติพันธุ์ ชุมชน และวิถีชีวิต,วิถีชีวิตและพฤติกรรมทางสังคม,จารีตการปฏิบัติและพรรณไม้ในวิถีชีวิต,community,community_life
ต้นลีลาวดี,พรรณไม้ที่มีดอกสวยงามและมีกลิ่นหอม,กลุ่มชาติพันธุ์ ชุมชน และวิถีชีวิต,วิถีชีวิตและพฤติกรรมทางสังคม,จารีตการปฏิบัติและพรรณไม้ในวิถีชีวิต,community,community_life
หนังใหญ่,การแสดงที่ใช้หนังสัตว์ทำเป็นตัวละคร,ศิลปะการแสดงและดนตรี,นาฏยศิลป์และการแสดง,รูปแบบการแสดงและนาฏศิลป์ท้องถิ่น,music,performing_arts
มหาสมุทร,น้ำทะเลที่กว้างใหญ่และลึก,บริบทเชิงประวัติศาสตร์ ภูมิศาสตร์ และพื้นที่,ภูมิศาสตร์และอาณาบริเวณ,พื้นที่ในคติความเชื่อและประวัติศาสตร์,concept,historical_spatial
กินรี,สิ่งมีชีวิตในตำนานที่มีลักษณะเป็นนกและหญิงสาว,วรรณคดีและสิ่งมีชีวิตเชิงตำนาน,นามานุกรมและประเภทตัวละคร,เทวปกรณ์ อสูร และอมนุษย์,character,performing_arts
การไถ,การทำการเกษตรโดยใช้เครื่องมือไถ,กลุ่มชาติพันธุ์ ชุมชน และวิถีชีวิต,วิถีชีวิตและระบบเศรษฐกิจ,การประกอบอาชีพและโภชนาการ,community,community_life
อาณาประชาราษฎร์,ประชาชนในอาณาจักรหรือรัฐ,กลุ่มชาติพันธุ์ ชุมชน และวิถีชีวิต,โครงสร้างสังคมและบุคคลสำคัญ,ฐานันดรศักดิ์และบทบาททางสังคม,community,community_life
ระบำมาตรฐาน,การแสดงที่มีรูปแบบและมาตรฐานที่กำหนด,ศิลปะการแสดงและดนตรี,นาฏยศิลป์และการแสดง,กระบวนท่ารำและจารีตการแสดง,music,performing_arts
เกราะลอ,อาวุธที่ใช้ในการต่อสู้ในอดีต,วัฒนธรรมวัตถุ ศิลปกรรม และงานช่าง,พัสตราภรณ์และเครื่องแต่งกาย,ระเบียบการแต่งกายและอาวุธจำลอง,artifact,material_culture
เคลื่อนไหว,การเปลี่ยนที่หรือการเคลื่อนที่ของสิ่งต่างๆ,ศิลปะการแสดงและดนตรี,นาฏยศิลป์และการแสดง,กระบวนท่ารำและจารีตการแสดง,music,performing_arts
ทางธรรมชาติ,เส้นทางหรือวิถีที่เกิดขึ้นตามธรรมชาติ,บริบทเชิงประวัติศาสตร์ ภูมิศาสตร์ และพื้นที่,ภูมิศาสตร์และอาณาบริเวณ,เขตปกครองและภูมิภาค,place,historical_spatial
ดอกไม้,ส่วนหนึ่งของพืชที่มีสีสันและมีกลิ่นหอม,กลุ่มชาติพันธุ์ ชุมชน และวิถีชีวิต,วิถีชีวิตและพฤติกรรมทางสังคม,จารีตการปฏิบัติและพรรณไม้ในวิถีชีวิต,community,community_life
การละเล่นพื้นเมือง,กิจกรรมหรือเกมที่มีต้นกำเนิดจากวัฒนธรรมท้องถิ่น,ศิลปะการแสดงและดนตรี,นาฏยศิลป์และการแสดง,กระบวนท่ารำและจารีตการแสดง,music,performing_arts
โปงลาง,เครื่องดนตรีพื้นเมืองที่ใช้ในการแสดง,ศิลปะการแสดงและดนตรี,ดุริยางคศิลป์และคีตศิลป์,เครื่องดนตรีและวงดนตรี,music,performing_arts
ชาวนา,ผู้ที่ประกอบอาชีพการเกษตรโดยเฉพาะการปลูกข้าว,กลุ่มชาติพันธุ์ ชุมชน และวิถีชีวิต,วิถีชีวิตและระบบเศรษฐกิจ,การประกอบอาชีพและโภชนาการ,community,community_life
วิชนี,ชื่อของเทพในวรรณกรรมไทย,วรรณคดีและสิ่งมีชีวิตเชิงตำนาน,นามานุกรมและประเภทตัวละคร,เทวปกรณ์ อสูร และอมนุษย์,character,performing_arts
จำกาย,การเปลี่ยนแปลงรูปลักษณ์หรือสภาพของบุคคล,กลุ่มชาติพันธุ์ ชุมชน และวิถีชีวิต,วิถีชีวิตและพฤติกรรมทางสังคม,จารีตการปฏิบัติและพรรณไม้ในวิถีชีวิต,community,community_life
รัชกาล,ช่วงเวลาที่พระมหากษัตริย์ครองราชย์,บริบทเชิงประวัติศาสตร์ ภูมิศาสตร์ และพื้นที่,ยุคสมัยและเหตุการณ์สำคัญ,ลำดับเวลาและประวัติศาสตร์การสงคราม,concept,historical_spatial
พรหมาสตร์,ศาสตร์ที่เกี่ยวข้องกับการทำนายหรือการพยากรณ์,พิธีกรรม ความเชื่อ และจารีตวัฒนธรรม,ระบบความเชื่อและศาสนา,คติทางศาสนาและสิ่งศักดิ์สิทธิ์,deity,ritual_belief
นางสวาหะ,ตัวละครในวรรณกรรมไทยที่มีบทบาทสำคัญ,วรรณคดีและสิ่งมีชีวิตเชิงตำนาน,นามานุกรมและประเภทตัวละคร,ตัวละครหลักและบทบาทในบทละคร,character,performing_arts
ลายเส้น,รูปแบบหรือการออกแบบที่ใช้ในการสร้างสรรค์งานศิลปะ,วัฒนธรรมวัตถุ ศิลปกรรม และงานช่าง,ประณีตศิลป์และทัศนศิลป์,งานช่างศิลปกรรมและเทคนิควิธี,artifact,material_culture
สงคราม,ความขัดแย้งที่เกิดขึ้นระหว่างกลุ่มหรือประเทศ,บริบทเชิงประวัติศาสตร์ ภูมิศาสตร์ และพื้นที่,ยุคสมัยและเหตุการณ์สำคัญ,ลำดับเวลาและประวัติศาสตร์การสงคราม,concept,historical_spatial
เดินทาง,การเคลื่อนที่จากที่หนึ่งไปยังอีกที่หนึ่ง,บริบทเชิงประวัติศาสตร์ ภูมิศาสตร์ และพื้นที่,ภูมิศาสตร์และอาณาบริเวณ,เขตปกครองและภูมิภาค,place,historical_spatial
สีน้ำเงิน,สีที่มีลักษณะเป็นสีน้ำเงิน,วัฒนธรรมวัตถุ ศิลปกรรม และงานช่าง,วัสดุและอัญมณี,วัสดุธรรมชาติและรัตนชาติ,artifact,material_culture
พระราชบัญชา,คำสั่งหรือประกาศที่ออกโดยพระมหากษัตริย์,บริบทเชิงประวัติศาสตร์ ภูมิศาสตร์ และพื้นที่,ภูมิศาสตร์และอาณาบริเวณ,เขตปกครองและภูมิภาค,place,historical_spatial
วันทอง,ตัวละครในวรรณกรรมไทยที่มีชื่อเสียงจากเรื่อง 'ขุนช้างขุนแผน',วรรณคดีและสิ่งมีชีวิตเชิงตำนาน,นามานุกรมและประเภทตัวละคร,ตัวละครหลักและบทบาทในบทละคร,character,performing_arts
นาฏศิลป์อินเดีย,รูปแบบการแสดงที่มีต้นกำเนิดจากประเทศอินเดีย,ศิลปะการแสดงและดนตรี,นาฏยศิลป์และการแสดง,กระบวนท่ารำและจารีตการแสดง,music,performing_arts
แว่นแก้วสุรกานต์,เครื่องประดับที่ทำจากแก้วซึ่งมีความสวยงาม,วัฒนธรรมวัตถุ ศิลปกรรม และงานช่าง,ประณีตศิลป์และทัศนศิลป์,งานช่างศิลปกรรมและเทคนิควิธี,artifact,material_culture
อุปราช,ตำแหน่งรองผู้ปกครองในสมัยโบราณ,กลุ่มชาติพันธุ์ ชุมชน และวิถีชีวิต,โครงสร้างสังคมและบุคคลสำคัญ,ฐานันดรศักดิ์และบทบาททางสังคม,community,community_life
ดอกไม้เงิน,ดอกไม้ที่ทำจากเงินซึ่งใช้ในพิธีกรรม,พิธีกรรม ความเชื่อ และจารีตวัฒนธรรม,จารีตประเพณีและพิธีกรรม,พิธีการสำคัญและจารีตทางสังคม,ritual,ritual_belief
ภาคเหนือ,ภูมิภาคหนึ่งของประเทศไทยที่มีวัฒนธรรมเฉพาะ,บริบทเชิงประวัติศาสตร์ ภูมิศาสตร์ และพื้นที่,ภูมิศาสตร์และอาณาบริเวณ,เขตปกครองและภูมิภาค,place,historical_spatial
เพลงคืนเดือนหงาย,เพลงที่มีทำนองเฉพาะซึ่งมักใช้ในงานประเพณี,ศิลปะการแสดงและดนตรี,ดุริยางคศิลป์และคีตศิลป์,ระเบียบวิธีทางดนตรีและประเภทบทเพลง,music,performing_arts
แปลงกาย,การเปลี่ยนรูปร่างหรือสภาพของบุคคล,วรรณคดีและสิ่งมีชีวิตเชิงตำนาน,นามานุกรมและประเภทตัวละคร,เทวปกรณ์ อสูร และอมนุษย์,character,performing_arts
ฤดูฝน,ช่วงเวลาที่มีฝนตกมากในปี,บริบทเชิงประวัติศาสตร์ ภูมิศาสตร์ และพื้นที่,ภูมิศาสตร์และอาณาบริเวณ,พื้นที่ในคติความเชื่อและประวัติศาสตร์,concept,historical_spatial
เทพนิยาย,เรื่องเล่าที่เกี่ยวกับเทพเจ้าและสิ่งเหนือธรรมชาติ,วรรณคดีและสิ่งมีชีวิตเชิงตำนาน,นามานุกรมและประเภทตัวละคร,เทวปกรณ์ อสูร และอมนุษย์,character,performing_arts
โอรส,บุตรชายของพระมหากษัตริย์หรือบุคคลสำคัญ,กลุ่มชาติพันธุ์ ชุมชน และวิถีชีวิต,โครงสร้างสังคมและบุคคลสำคัญ,ฐานันดรศักดิ์และบทบาททางสังคม,community,community_life
เขาไกลลาศ,ชื่อสถานที่ในวรรณกรรมไทยที่มีความสำคัญ,บริบทเชิงประวัติศาสตร์ ภูมิศาสตร์ และพื้นที่,ภูมิศาสตร์และอาณาบริเวณ,เขตปกครองและภูมิภาค,place,historical_spatial
ไทยอมรินทร์,ชื่อสถานที่ในวรรณกรรมไทยที่มีความสำคัญ,บริบทเชิงประวัติศาสตร์ ภูมิศาสตร์ และพื้นที่,ภูมิศาสตร์และอาณาบริเวณ,เขตปกครองและภูมิภาค,place,historical_spatial
พวงมาลัย,เครื่องประดับที่ทำจากดอกไม้ใช้ในพิธีกรรม,พิธีกรรม ความเชื่อ และจารีตวัฒนธรรม,จารีตประเพณีและพิธีกรรม,พิธีการสำคัญและจารีตทางสังคม,ritual,ritual_belief
กาญจนบุรี,จังหวัดหนึ่งในประเทศไทยที่มีความสำคัญทางประวัติศาสตร์และภูมิศาสตร์,บริบทเชิงประวัติศาสตร์ ภูมิศาสตร์ และพื้นที่,ภูมิศาสตร์และอาณาบริเวณ,เขตปกครองและภูมิภาค,place,historical_spatial
มารีศ,ตัวละครในวรรณกรรมที่มีบทบาทสำคัญในเรื่อง,วรรณคดีและสิ่งมีชีวิตเชิงตำนาน,นามานุกรมและประเภทตัวละคร,ตัวละครหลักและบทบาทในบทละคร,character,performing_arts
ผู้ครองนคร,บุคคลที่มีอำนาจในการปกครองเมืองหรืออาณาจักร,กลุ่มชาติพันธุ์ ชุมชน และวิถีชีวิต,โครงสร้างสังคมและบุคคลสำคัญ,ฐานันดรศักดิ์และบทบาททางสังคม,community,community_life
ไพร่พล,กลุ่มคนที่เป็นทหารหรือผู้ช่วยในการรบ,กลุ่มชาติพันธุ์ ชุมชน และวิถีชีวิต,โครงสร้างสังคมและบุคคลสำคัญ,ฐานันดรศักดิ์และบทบาททางสังคม,community,community_life
อินโดนีเซีย,ประเทศในเอเชียตะวันออกเฉียงใต้ที่มีความหลากหลายทางวัฒนธรรม,บริบทเชิงประวัติศาสตร์ ภูมิศาสตร์ และพื้นที่,ภูมิศาสตร์และอาณาบริเวณ,เขตปกครองและภูมิภาค,place,historical_spatial
ปิดหน้า,การปิดบังใบหน้าหรือซ่อนเร้น,พิธีกรรม ความเชื่อ และจารีตวัฒนธรรม,จารีตประเพณีและพิธีกรรม,พิธีการสำคัญและจารีตทางสังคม,ritual,ritual_belief
ลูกไม้,ผลไม้ที่มีลักษณะเฉพาะหรือเป็นสัญลักษณ์,กลุ่มชาติพันธุ์ ชุมชน และวิถีชีวิต,วิถีชีวิตและพฤติกรรมทางสังคม,จารีตการปฏิบัติและพรรณไม้ในวิถีชีวิต,community,community_life
เล่นน้ำ,กิจกรรมที่ทำในน้ำเพื่อความสนุกสนาน,พิธีกรรม ความเชื่อ และจารีตวัฒนธรรม,จารีตประเพณีและพิธีกรรม,พิธีการสำคัญและจารีตทางสังคม,ritual,ritual_belief
หลบหนี,การหลีกเลี่ยงหรือหนีจากสถานการณ์ที่ไม่พึงประสงค์,กลุ่มชาติพันธุ์ ชุมชน และวิถีชีวิต,วิถีชีวิตและพฤติกรรมทางสังคม,จารีตการปฏิบัติและพรรณไม้ในวิถีชีวิต,community,community_life
โปรตุเกส,ประเทศในยุโรปที่มีประวัติศาสตร์การสำรวจและการค้า,บริบทเชิงประวัติศาสตร์ ภูมิศาสตร์ และพื้นที่,ภูมิศาสตร์และอาณาบริเวณ,เขตปกครองและภูมิภาค,place,historical_spatial
ภาพจำหลัก,การสร้างภาพหรือสัญลักษณ์ที่มีความหมายเฉพาะ,วัฒนธรรมวัตถุ ศิลปกรรม และงานช่าง,ประณีตศิลป์และทัศนศิลป์,งานช่างศิลปกรรมและเทคนิควิธี,artifact,material_culture
กิจวัตร,กิจกรรมที่ทำเป็นประจำในชีวิตประจำวัน,กลุ่มชาติพันธุ์ ชุมชน และวิถีชีวิต,วิถีชีวิตและระบบเศรษฐกิจ,การประกอบอาชีพและโภชนาการ,community,community_life
การเก็บใบชา,กิจกรรมการเก็บใบชาที่ใช้ในการผลิตชา,กลุ่มชาติพันธุ์ ชุมชน และวิถีชีวิต,วิถีชีวิตและระบบเศรษฐกิจ,การประกอบอาชีพและโภชนาการ,community,community_life
บุตรชาย,ลูกชายของบุคคลหนึ่ง,กลุ่มชาติพันธุ์ ชุมชน และวิถีชีวิต,โครงสร้างสังคมและบุคคลสำคัญ,ฐานันดรศักดิ์และบทบาททางสังคม,community,community_life
ศิลปินแห่งชาติ,บุคคลที่ได้รับการยกย่องในด้านศิลปะและวัฒนธรรม,กลุ่มชาติพันธุ์ ชุมชน และวิถีชีวิต,โครงสร้างสังคมและบุคคลสำคัญ,ฐานันดรศักดิ์และบทบาททางสังคม,community,community_life
วังหน้า,ตำแหน่งที่สูงในราชสำนักไทยที่มีอำนาจและหน้าที่สำคัญ,วรรณคดีและสิ่งมีชีวิตเชิงตำนาน,สถานภาพและลำดับชั้นทางสังคมในวรรณกรรม,ฐานันดรศักดิ์และระบบเครือญาติ,concept,general
เจ้าพระยา,ตำแหน่งสูงสุดในราชสำนักไทยที่มีอำนาจบริหาร,วรรณคดีและสิ่งมีชีวิตเชิงตำนาน,สถานภาพและลำดับชั้นทางสังคมในวรรณกรรม,ฐานันดรศักดิ์และระบบเครือญาติ,concept,general
กากนาสูร,ตัวละครในวรรณกรรมไทยที่เป็นอสูร,วรรณคดีและสิ่งมีชีวิตเชิงตำนาน,นามานุกรมและประเภทตัวละคร,เทวปกรณ์ อสูร และอมนุษย์,character,performing_arts
รจนา,ตัวละครในวรรณกรรมที่มีบทบาทสำคัญ,วรรณคดีและสิ่งมีชีวิตเชิงตำนาน,นามานุกรมและประเภทตัวละคร,เทวปกรณ์ อสูร และอมนุษย์,character,performing_arts
กวางทอง,ตัวละครในวรรณกรรมไทยที่มีความสำคัญ,วรรณคดีและสิ่งมีชีวิตเชิงตำนาน,นามานุกรมและประเภทตัวละคร,เทวปกรณ์ อสูร และอมนุษย์,character,performing_arts
นิลพาหุ,ตัวละครในวรรณกรรมไทยที่มีบทบาทสำคัญ,วรรณคดีและสิ่งมีชีวิตเชิงตำนาน,นามานุกรมและประเภทตัวละคร,เทวปกรณ์ อสูร และอมนุษย์,character,performing_arts
พระเจ้าชัยวรมัน,พระมหากษัตริย์ในประวัติศาสตร์ไทยที่มีชื่อเสียง,บริบทเชิงประวัติศาสตร์ ภูมิศาสตร์ และพื้นที่,ยุคสมัยและเหตุการณ์สำคัญ,ลำดับเวลาและประวัติศาสตร์การสงคราม,concept,historical_spatial
แม่น้ำ,แหล่งน้ำธรรมชาติที่มีความสำคัญต่อการดำรงชีวิต,บริบทเชิงประวัติศาสตร์ ภูมิศาสตร์ และพื้นที่,ภูมิศาสตร์และอาณาบริเวณ,เขตปกครองและภูมิภาค,place,historical_spatial
ประทาน,การให้หรือมอบหมายสิ่งใดสิ่งหนึ่ง,พิธีกรรม ความเชื่อ และจารีตวัฒนธรรม,จารีตประเพณีและพิธีกรรม,พิธีการสำคัญและจารีตทางสังคม,ritual,ritual_belief
กรมศิลปากร,หน่วยงานของรัฐที่ดูแลด้านศิลปวัฒนธรรม,กลุ่มชาติพันธุ์ ชุมชน และวิถีชีวิต,โครงสร้างสังคมและบุคคลสำคัญ,ฐานันดรศักดิ์และบทบาททางสังคม,community,community_life
เดินอากาศ,การเคลื่อนที่ในอากาศโดยใช้เครื่องบิน,กลุ่มชาติพันธุ์ ชุมชน และวิถีชีวิต,วิถีชีวิตและระบบเศรษฐกิจ,การประกอบอาชีพและโภชนาการ,community,community_life
หายตัว,การหายไปอย่างกระทันหันหรือไม่สามารถมองเห็นได้,พิธีกรรม ความเชื่อ และจารีตวัฒนธรรม,คติความเชื่อและไสยศาสตร์,การขจัดปัดเป่าและอำนาจเหนือธรรมชาติ,mythical_being,ritual_belief
บูชาครู,การแสดงความเคารพต่อครูผู้สอน,พิธีกรรม ความเชื่อ และจารีตวัฒนธรรม,จารีตประเพณีและพิธีกรรม,พิธีการสำคัญและจารีตทางสังคม,ritual,ritual_belief
ผึ่งแดด,การนำสิ่งของไปตากแดดเพื่อให้แห้ง,กลุ่มชาติพันธุ์ ชุมชน และวิถีชีวิต,วิถีชีวิตและพฤติกรรมทางสังคม,จารีตการปฏิบัติและพรรณไม้ในวิถีชีวิต,community,community_life
เจ้าเงาะ,ตัวละครในวรรณกรรมไทยที่มีลักษณะเป็นอมนุษย์,วรรณคดีและสิ่งมีชีวิตเชิงตำนาน,นามานุกรมและประเภทตัวละคร,เทวปกรณ์ อสูร และอมนุษย์,character,performing_arts
เมขลา,เทพธิดาที่มีหน้าที่ดูแลและปกป้องน้ำ,วรรณคดีและสิ่งมีชีวิตเชิงตำนาน,นามานุกรมและประเภทตัวละคร,เทวปกรณ์ อสูร และอมนุษย์,character,performing_arts
บุรีรัมย์,จังหวัดหนึ่งในประเทศไทยที่มีความสำคัญทางประวัติศาสตร์และวัฒนธรรม,บริบทเชิงประวัติศาสตร์ ภูมิศาสตร์ และพื้นที่,ภูมิศาสตร์และอาณาบริเวณ,เขตปกครองและภูมิภาค,place,historical_spatial
ฉุยฉาย,ตัวละครในวรรณกรรมที่มีบทบาทสำคัญ,วรรณคดีและสิ่งมีชีวิตเชิงตำนาน,นามานุกรมและประเภทตัวละคร,ตัวละครหลักและบทบาทในบทละคร,character,performing_arts
เทพเจ้า,สิ่งศักดิ์สิทธิ์ที่มีอำนาจเหนือธรรมชาติในความเชื่อ,พิธีกรรม ความเชื่อ และจารีตวัฒนธรรม,ระบบความเชื่อและศาสนา,คติทางศาสนาและสิ่งศักดิ์สิทธิ์,deity,ritual_belief
ทะเล,แหล่งน้ำขนาดใหญ่ที่มีความสำคัญต่อการดำรงชีวิต,บริบทเชิงประวัติศาสตร์ ภูมิศาสตร์ และพื้นที่,ภูมิศาสตร์และอาณาบริเวณ,พื้นที่ในคติความเชื่อและประวัติศาสตร์,concept,historical_spatial
กินเนสส์บุ๊ค,หนังสือบันทึกสถิติที่มีชื่อเสียงระดับโลก,บริบทเชิงประวัติศาสตร์ ภูมิศาสตร์ และพื้นที่,ยุคสมัยและเหตุการณ์สำคัญ,ลำดับเวลาและประวัติศาสตร์การสงคราม,concept,historical_spatial
พระญาติ,บุคคลที่มีความสัมพันธ์ทางสายเลือดกับพระมหากษัตริย์,กลุ่มชาติพันธุ์ ชุมชน และวิถีชีวิต,โครงสร้างสังคมและบุคคลสำคัญ,ฐานันดรศักดิ์และบทบาททางสังคม,community,community_life
กลายร่าง,การเปลี่ยนแปลงรูปร่างหรือสถานะของสิ่งมีชีวิต,วรรณคดีและสิ่งมีชีวิตเชิงตำนาน,นามานุกรมและประเภทตัวละคร,เทวปกรณ์ อสูร และอมนุษย์,character,performing_arts
ขัดตาทัพ,การทำให้ศัตรูหยุดชะงักหรือถอยกลับ,บริบทเชิงประวัติศาสตร์ ภูมิศาสตร์ และพื้นที่,ยุคสมัยและเหตุการณ์สำคัญ,ลำดับเวลาและประวัติศาสตร์การสงคราม,concept,historical_spatial
ถอยทัพ,การถอนกำลังทหารกลับจากการต่อสู้,บริบทเชิงประวัติศาสตร์ ภูมิศาสตร์ และพื้นที่,ยุคสมัยและเหตุการณ์สำคัญ,ลำดับเวลาและประวัติศาสตร์การสงคราม,concept,historical_spatial
ใบชา,ส่วนของพืชที่ใช้ในการชงชา,กลุ่มชาติพันธุ์ ชุมชน และวิถีชีวิต,วิถีชีวิตและระบบเศรษฐกิจ,การประกอบอาชีพและโภชนาการ,community,community_life
ตะกร้อ,กีฬาไทยที่ใช้เท้าเตะลูกบอล,ศิลปะการแสดงและดนตรี,นาฏยศิลป์และการแสดง,กระบวนท่ารำและจารีตการแสดง,music,performing_arts
อาสา,การสมัครใจทำงานหรือช่วยเหลือผู้อื่น,กลุ่มชาติพันธุ์ ชุมชน และวิถีชีวิต,วิถีชีวิตและพฤติกรรมทางสังคม,จารีตการปฏิบัติและพรรณไม้ในวิถีชีวิต,community,community_life
ตีลังกา,การหมุนตัวในอากาศโดยใช้มือหรือเท้า,ศิลปะการแสดงและดนตรี,นาฏยศิลป์และการแสดง,กระบวนท่ารำและจารีตการแสดง,music,performing_arts
บรรพบุรุษ,ผู้ที่มีความสัมพันธ์ทางสายเลือดในอดีต,กลุ่มชาติพันธุ์ ชุมชน และวิถีชีวิต,อัตลักษณ์ทางสังคมและกลุ่มคน,กลุ่มชาติพันธุ์และชุมชนท้องถิ่น,community,community_life
กาลสูร,คำที่หมายถึงการสูญเสียเวลาในความเชื่อทางศาสนา,พิธีกรรม ความเชื่อ และจารีตวัฒนธรรม,ระบบความเชื่อและศาสนา,คติทางศาสนาและสิ่งศักดิ์สิทธิ์,deity,ritual_belief
ลอยกระทง,ประเพณีการลอยกระทงเพื่อขอขมาพระแม่คงคา,พิธีกรรม ความเชื่อ และจารีตวัฒนธรรม,จารีตประเพณีและพิธีกรรม,พิธีการสำคัญและจารีตทางสังคม,ritual,ritual_belief
ศีรษะ,ส่วนของร่างกายที่อยู่บนสุด ซึ่งรวมถึงใบหน้า,กลุ่มชาติพันธุ์ ชุมชน และวิถีชีวิต,วิถีชีวิตและพฤติกรรมทางสังคม,จารีตการปฏิบัติและพรรณไม้ในวิถีชีวิต,community,community_life
การขึ้นลอย,พิธีกรรมที่เกี่ยวข้องกับการลอยกระทง,พิธีกรรม ความเชื่อ และจารีตวัฒนธรรม,จารีตประเพณีและพิธีกรรม,พิธีการสำคัญและจารีตทางสังคม,ritual,ritual_belief
ตัวพระ,ตัวละครหลักในวรรณกรรมหรือการแสดง,วรรณคดีและสิ่งมีชีวิตเชิงตำนาน,นามานุกรมและประเภทตัวละคร,เทวปกรณ์ อสูร และอมนุษย์,character,performing_arts
วิรุญจำบัง,ชื่อของอสูรในวรรณกรรมไทย,วรรณคดีและสิ่งมีชีวิตเชิงตำนาน,นามานุกรมและประเภทตัวละคร,เทวปกรณ์ อสูร และอมนุษย์,character,performing_arts
ยมะ,ชื่อของเทพเจ้าในความเชื่อไทย,วรรณคดีและสิ่งมีชีวิตเชิงตำนาน,นามานุกรมและประเภทตัวละคร,เทวปกรณ์ อสูร และอมนุษย์,character,performing_arts
ปราสาทเมืองสิงห์,สถานที่ทางประวัติศาสตร์ที่มีความสำคัญในไทย,บริบทเชิงประวัติศาสตร์ ภูมิศาสตร์ และพื้นที่,พื้นที่ทางวัฒนธรรมและสถาบัน,สถานที่จัดแสดงและเขตพระราชฐาน,place,historical_spatial
ปราสาทหินพิมาย,สถานที่ทางประวัติศาสตร์ที่มีความสำคัญในไทย,บริบทเชิงประวัติศาสตร์ ภูมิศาสตร์ และพื้นที่,พื้นที่ทางวัฒนธรรมและสถาบัน,สถานที่จัดแสดงและเขตพระราชฐาน,place,historical_spatial
รามเกียรติ์,วรรณกรรมไทยที่มีเนื้อหาเกี่ยวกับการต่อสู้ระหว่างดีและชั่ว,วรรณคดีและสิ่งมีชีวิตเชิงตำนาน,นามานุกรมและประเภทตัวละคร,ตัวละครหลักและบทบาทในบทละคร,character,ramakien
การเกี้ยวพาราสี,พิธีกรรมที่เกี่ยวข้องกับการสื่อสารและการแสดงความรัก,พิธีกรรม ความเชื่อ และจารีตวัฒนธรรม,จารีตประเพณีและพิธีกรรม,พิธีการสำคัญและจารีตทางสังคม,ritual,ritual_belief
ไทยบรมพิมาน,ชื่อของวรรณกรรมที่มีความสำคัญในวรรณกรรมไทย,วรรณคดีและสิ่งมีชีวิตเชิงตำนาน,นามานุกรมและประเภทตัวละคร,เทวปกรณ์ อสูร และอมนุษย์,character,performing_arts
การทอ,กระบวนการสร้างผ้าหรือวัสดุจากเส้นใย,วัฒนธรรมวัตถุ ศิลปกรรม และงานช่าง,ประณีตศิลป์และทัศนศิลป์,งานช่างศิลปกรรมและเทคนิควิธี,artifact,material_culture
ไม้ยาว,ไม้ที่มีความยาวใช้ในการสร้างหรือทำเครื่องมือ,วัฒนธรรมวัตถุ ศิลปกรรม และงานช่าง,วัสดุและอัญมณี,วัสดุธรรมชาติและรัตนชาติ,artifact,material_culture
วานร,ตัวละครในวรรณกรรมที่มีลักษณะเป็นลิง,วรรณคดีและสิ่งมีชีวิตเชิงตำนาน,นามานุกรมและประเภทตัวละคร,เทวปกรณ์ อสูร และอมนุษย์,character,performing_arts
อาจารย์,ผู้สอนหรือผู้มีความรู้ในสาขาวิชาต่างๆ,กลุ่มชาติพันธุ์ ชุมชน และวิถีชีวิต,โครงสร้างสังคมและบุคคลสำคัญ,ฐานันดรศักดิ์และบทบาททางสังคม,community,community_life
โกเมน,อัญมณีชนิดหนึ่งที่มีสีแดงหรือสีชมพู,วัฒนธรรมวัตถุ ศิลปกรรม และงานช่าง,วัสดุและอัญมณี,วัสดุธรรมชาติและรัตนชาติ,artifact,material_culture
กรับพวง,เครื่องประดับที่ใช้ในการตกแต่งพวงมาลัย,วัฒนธรรมวัตถุ ศิลปกรรม และงานช่าง,พัสตราภรณ์และเครื่องแต่งกาย,ระเบียบการแต่งกายและอาวุธจำลอง,artifact,material_culture
ไทยจักรพรรดิ์,พระมหากษัตริย์ของประเทศไทย,กลุ่มชาติพันธุ์ ชุมชน และวิถีชีวิต,โครงสร้างสังคมและบุคคลสำคัญ,ฐานันดรศักดิ์และบทบาททางสังคม,community,community_life
พระชายา,ภรรยาของพระมหากษัตริย์,กลุ่มชาติพันธุ์ ชุมชน และวิถีชีวิต,โครงสร้างสังคมและบุคคลสำคัญ,ฐานันดรศักดิ์และบทบาททางสังคม,community,community_life
มือขวา,ผู้ช่วยหรือผู้ที่มีบทบาทสำคัญในการสนับสนุน,กลุ่มชาติพันธุ์ ชุมชน และวิถีชีวิต,โครงสร้างสังคมและบุคคลสำคัญ,ฐานันดรศักดิ์และบทบาททางสังคม,community,community_life
จีนรัว,การแสดงที่มีลักษณะเฉพาะของจีน,ศิลปะการแสดงและดนตรี,นาฏยศิลป์และการแสดง,กระบวนท่ารำและจารีตการแสดง,music,performing_arts
มณีพิชัย,ชื่อวรรณกรรมไทยที่มีเนื้อหาเกี่ยวกับความรักและการต่อสู้,วรรณคดีและสิ่งมีชีวิตเชิงตำนาน,นามานุกรมและประเภทตัวละคร,ตัวละครหลักและบทบาทในบทละคร,character,performing_arts
แมนสรวง,ตัวละครในวรรณกรรมไทยที่มีบทบาทสำคัญ,วรรณคดีและสิ่งมีชีวิตเชิงตำนาน,นามานุกรมและประเภทตัวละคร,ตัวละครหลักและบทบาทในบทละคร,character,performing_arts
นานาชาติ,ความสัมพันธ์ระหว่างประเทศต่างๆ,บริบทเชิงประวัติศาสตร์ ภูมิศาสตร์ และพื้นที่,ภูมิศาสตร์และอาณาบริเวณ,เขตปกครองและภูมิภาค,place,historical_spatial
สวามิภักดิ์,การแสดงความจงรักภักดีต่อผู้มีอำนาจ,พิธีกรรม ความเชื่อ และจารีตวัฒนธรรม,ระบบความเชื่อและศาสนา,คติทางศาสนาและสิ่งศักดิ์สิทธิ์,deity,ritual_belief
สำเนียง,ลักษณะการออกเสียงที่แตกต่างกัน,กลุ่มชาติพันธุ์ ชุมชน และวิถีชีวิต,อัตลักษณ์ทางสังคมและกลุ่มคน,กลุ่มชาติพันธุ์และชุมชนท้องถิ่น,community,community_life
พาลี,ภาษาที่ใช้ในพระไตรปิฎกของศาสนาพุทธ,กลุ่มชาติพันธุ์ ชุมชน และวิถีชีวิต,อัตลักษณ์ทางสังคมและกลุ่มคน,กลุ่มชาติพันธุ์และชุมชนท้องถิ่น,community,community_life
นครศรีธรรมราช,จังหวัดหนึ่งในประเทศไทยที่มีประวัติศาสตร์ยาวนาน,บริบทเชิงประวัติศาสตร์ ภูมิศาสตร์ และพื้นที่,ภูมิศาสตร์และอาณาบริเวณ,เขตปกครองและภูมิภาค,place,historical_spatial
ผางประทีป,การแสดงที่ใช้ไฟในการส่องสว่างในพิธีกรรม,พิธีกรรม ความเชื่อ และจารีตวัฒนธรรม,จารีตประเพณีและพิธีกรรม,พิธีการสำคัญและจารีตทางสังคม,ritual,ritual_belief
ฟองน้ำ,วัสดุที่ใช้ในการทำความสะอาดหรือดูดซับน้ำ,วัฒนธรรมวัตถุ ศิลปกรรม และงานช่าง,วัสดุและอัญมณี,วัสดุธรรมชาติและรัตนชาติ,artifact,material_culture
ท่วงทำนอง,รูปแบบหรือแนวทางของเสียงเพลง,ศิลปะการแสดงและดนตรี,ดุริยางคศิลป์และคีตศิลป์,ระเบียบวิธีทางดนตรีและประเภทบทเพลง,music,performing_arts
โอดิสสี,ตัวละครในวรรณกรรมที่มีความสำคัญในเรื่องราว,วรรณคดีและสิ่งมีชีวิตเชิงตำนาน,นามานุกรมและประเภทตัวละคร,ตัวละครหลักและบทบาทในบทละคร,character,performing_arts
กุมภกรรณ,ตัวละครในวรรณกรรมที่มีลักษณะเป็นอสูร,วรรณคดีและสิ่งมีชีวิตเชิงตำนาน,นามานุกรมและประเภทตัวละคร,เทวปกรณ์ อสูร และอมนุษย์,character,performing_arts
พญาผานอง,ตัวละครในวรรณกรรมที่มีลักษณะเป็นเทพหรือสิ่งศักดิ์สิทธิ์,วรรณคดีและสิ่งมีชีวิตเชิงตำนาน,นามานุกรมและประเภทตัวละคร,เทวปกรณ์ อสูร และอมนุษย์,character,performing_arts
เพลงไทย,บทเพลงที่มีลักษณะเฉพาะของไทย,ศิลปะการแสดงและดนตรี,ดุริยางคศิลป์และคีตศิลป์,ระเบียบวิธีทางดนตรีและประเภทบทเพลง,music,performing_arts
ละครดึกดำบรรพ์,การแสดงที่มีลักษณะเฉพาะในวรรณกรรมไทย,ศิลปะการแสดงและดนตรี,นาฏยศิลป์และการแสดง,รูปแบบการแสดงและนาฏศิลป์ท้องถิ่น,music,performing_arts
เขาสัตภัณฑ์,สถานที่ที่มีความสำคัญในประวัติศาสตร์หรือวรรณกรรม,บริบทเชิงประวัติศาสตร์ ภูมิศาสตร์ และพื้นที่,ภูมิศาสตร์และอาณาบริเวณ,พื้นที่ในคติความเชื่อและประวัติศาสตร์,concept,historical_spatial
ผู้แสดงฝ่ายหญิง,นักแสดงที่มีบทบาทในละครหรือการแสดง,ศิลปะการแสดงและดนตรี,บุคลากรและทักษะทางศิลปะ,กลวิธีและสมรรถนะการแสดง,music,performing_arts
ไทภูเขา,กลุ่มชาติพันธุ์ที่อาศัยอยู่ในภูเขา,กลุ่มชาติพันธุ์ ชุมชน และวิถีชีวิต,อัตลักษณ์ทางสังคมและกลุ่มคน,กลุ่มชาติพันธุ์และชุมชนท้องถิ่น,place,community_life
ชามพูวราช,ผลิตภัณฑ์ที่ใช้ในการทำความสะอาดเส้นผม,วัฒนธรรมวัตถุ ศิลปกรรม และงานช่าง,วัสดุและอัญมณี,วัสดุธรรมชาติและรัตนชาติ,artifact,material_culture
พระลักษมณ์,ตัวละครในวรรณกรรมที่มีบทบาทสำคัญ,วรรณคดีและสิ่งมีชีวิตเชิงตำนาน,นามานุกรมและประเภทตัวละคร,ตัวละครหลักและบทบาทในบทละคร,character,performing_arts
สังหาร,การกระทำที่เกี่ยวข้องกับการฆ่า,วรรณคดีและสิ่งมีชีวิตเชิงตำนาน,สถานภาพและลำดับชั้นทางสังคมในวรรณกรรม,ฐานันดรศักดิ์และระบบเครือญาติ,concept,general
จารึก,ข้อความที่ถูกแกะสลักหรือเขียนลงบนวัสดุ,บริบทเชิงประวัติศาสตร์ ภูมิศาสตร์ และพื้นที่,ยุคสมัยและเหตุการณ์สำคัญ,ลำดับเวลาและประวัติศาสตร์การสงคราม,concept,historical_spatial
ข่ายเพชร,เครื่องประดับที่ทำจากเพชรหรือวัสดุมีค่า,วัฒนธรรมวัตถุ ศิลปกรรม และงานช่าง,ประณีตศิลป์และทัศนศิลป์,งานช่างศิลปกรรมและเทคนิควิธี,artifact,material_culture
รุทการ,การใช้กลยุทธ์หรือวิธีการในการต่อสู้หรือแข่งขัน,ศิลปะการแสดงและดนตรี,นาฏยศิลป์และการแสดง,กระบวนท่ารำและจารีตการแสดง,music,performing_arts
ออกอุบาย,การวางแผนหรือกลยุทธ์เพื่อให้ได้มาซึ่งผลประโยชน์,กลุ่มชาติพันธุ์ ชุมชน และวิถีชีวิต,วิถีชีวิตและพฤติกรรมทางสังคม,จารีตการปฏิบัติและพรรณไม้ในวิถีชีวิต,community,community_life
เชิงมวย,ท่าทางหรือวิธีการที่ใช้ในการต่อสู้แบบมวย,ศิลปะการแสดงและดนตรี,นาฏยศิลป์และการแสดง,กระบวนท่ารำและจารีตการแสดง,music,performing_arts
เชียงใหม่,จังหวัดหนึ่งในประเทศไทยที่มีวัฒนธรรมและประวัติศาสตร์ที่สำคัญ,บริบทเชิงประวัติศาสตร์ ภูมิศาสตร์ และพื้นที่,ภูมิศาสตร์และอาณาบริเวณ,เขตปกครองและภูมิภาค,place,historical_spatial
แก้แค้น,การตอบโต้หรือทำให้ผู้อื่นได้รับความเจ็บปวดจากการกระทำที่เคยทำไว้,พิธีกรรม ความเชื่อ และจารีตวัฒนธรรม,คติความเชื่อและไสยศาสตร์,การขจัดปัดเป่าและอำนาจเหนือธรรมชาติ,mythical_being,ritual_belief
ชายหนุ่ม,บุรุษที่อยู่ในวัยหนุ่ม,กลุ่มชาติพันธุ์ ชุมชน และวิถีชีวิต,โครงสร้างสังคมและบุคคลสำคัญ,ฐานันดรศักดิ์และบทบาททางสังคม,community,community_life
บทละคร,เนื้อเรื่องหรือบทที่ใช้ในการแสดงละคร,วรรณคดีและสิ่งมีชีวิตเชิงตำนาน,นามานุกรมและประเภทตัวละคร,เทวปกรณ์ อสูร และอมนุษย์,character,performing_arts
ความคล่องแคล่ว,ความสามารถในการเคลื่อนไหวหรือทำกิจกรรมได้อย่างรวดเร็วและมีประสิทธิภาพ,ศิลปะการแสดงและดนตรี,บุคลากรและทักษะทางศิลปะ,กลวิธีและสมรรถนะการแสดง,music,performing_arts
เพลงอัตราจังหวะสองชั้น,เพลงที่มีจังหวะซับซ้อนและมีการเปลี่ยนแปลงจังหวะ,ศิลปะการแสดงและดนตรี,ดุริยางคศิลป์และคีตศิลป์,ระเบียบวิธีทางดนตรีและประเภทบทเพลง,music,performing_arts
น้อยใจยา,การรู้สึกน้อยใจหรือไม่พอใจในสิ่งที่เกิดขึ้น,พิธีกรรม ความเชื่อ และจารีตวัฒนธรรม,คติความเชื่อและไสยศาสตร์,การขจัดปัดเป่าและอำนาจเหนือธรรมชาติ,mythical_being,ritual_belief
พระราชธิดา,บุตรสาวของพระมหากษัตริย์,กลุ่มชาติพันธุ์ ชุมชน และวิถีชีวิต,โครงสร้างสังคมและบุคคลสำคัญ,ฐานันดรศักดิ์และบทบาททางสังคม,community,community_life
ประติมากรรม,งานศิลปะที่สร้างขึ้นจากการแกะสลักหรือหล่อ,วัฒนธรรมวัตถุ ศิลปกรรม และงานช่าง,ประณีตศิลป์และทัศนศิลป์,งานช่างศิลปกรรมและเทคนิควิธี,artifact,material_culture
ภาษามลายู,ภาษาที่ใช้ในประเทศมาเลเซียและบางส่วนของประเทศไทย,บริบทเชิงประวัติศาสตร์ ภูมิศาสตร์ และพื้นที่,ภูมิศาสตร์และอาณาบริเวณ,เขตปกครองและภูมิภาค,place,historical_spatial
ย่องหงิด,การเคลื่อนไหวอย่างระมัดระวังเพื่อไม่ให้เกิดเสียง,ศิลปะการแสดงและดนตรี,นาฏยศิลป์และการแสดง,กระบวนท่ารำและจารีตการแสดง,music,performing_arts
รามสูร,ตัวละครในวรรณกรรมที่เป็นอสูรในเรื่องรามเกียรติ์,วรรณคดีและสิ่งมีชีวิตเชิงตำนาน,นามานุกรมและประเภทตัวละคร,เทวปกรณ์ อสูร และอมนุษย์,character,performing_arts
บทร้อง,ส่วนหนึ่งของการแสดงที่มีการร้องเพลงประกอบ,ศิลปะการแสดงและดนตรี,นาฏยศิลป์และการแสดง,กระบวนท่ารำและจารีตการแสดง,music,performing_arts
ศรพรหมาสตร์,ชื่อของอาวุธที่ใช้ในวรรณกรรมไทย,วรรณคดีและสิ่งมีชีวิตเชิงตำนาน,นามานุกรมและประเภทตัวละคร,เทวปกรณ์ อสูร และอมนุษย์,character,performing_arts
งานแต่งงาน,พิธีกรรมที่จัดขึ้นเพื่อเฉลิมฉลองการแต่งงาน,พิธีกรรม ความเชื่อ และจารีตวัฒนธรรม,จารีตประเพณีและพิธีกรรม,พิธีการสำคัญและจารีตทางสังคม,ritual,ritual_belief
รูปนอก,การแสดงที่มีการใช้รูปแบบการแสดงที่แตกต่างจากปกติ,ศิลปะการแสดงและดนตรี,นาฏยศิลป์และการแสดง,รูปแบบการแสดงและนาฏศิลป์ท้องถิ่น,music,performing_arts
ปราสาทพระขรรค์,สถานที่สำคัญในวรรณกรรมไทยที่เกี่ยวข้องกับการต่อสู้,บริบทเชิงประวัติศาสตร์ ภูมิศาสตร์ และพื้นที่,พื้นที่ทางวัฒนธรรมและสถาบัน,สถานที่จัดแสดงและเขตพระราชฐาน,place,historical_spatial
รำเดี่ยว,การแสดงนาฏศิลป์ที่มีผู้แสดงเพียงคนเดียว,ศิลปะการแสดงและดนตรี,นาฏยศิลป์และการแสดง,กระบวนท่ารำและจารีตการแสดง,music,performing_arts
กระบวนท่ารำ,ชุดของท่าทางในการแสดงนาฏศิลป์,ศิลปะการแสดงและดนตรี,นาฏยศิลป์และการแสดง,กระบวนท่ารำและจารีตการแสดง,music,performing_arts
แม่ไม้มวย,ท่ารำที่ใช้ในการต่อสู้ในศิลปะการต่อสู้ไทย,ศิลปะการแสดงและดนตรี,นาฏยศิลป์และการแสดง,กระบวนท่ารำและจารีตการแสดง,music,performing_arts
ยอพระกลิ่น,การแสดงที่มีการใช้กลิ่นหอมเพื่อเสริมบรรยากาศ,ศิลปะการแสดงและดนตรี,นาฏยศิลป์และการแสดง,รูปแบบการแสดงและนาฏศิลป์ท้องถิ่น,music,performing_arts
งานรื่นเริง,กิจกรรมที่จัดขึ้นเพื่อความสนุกสนานและเฉลิมฉลอง,พิธีกรรม ความเชื่อ และจารีตวัฒนธรรม,จารีตประเพณีและพิธีกรรม,พิธีการสำคัญและจารีตทางสังคม,ritual,ritual_belief
หนุมาน,ตัวละครในวรรณกรรมที่เป็นลิงผู้มีพลังวิเศษ,วรรณคดีและสิ่งมีชีวิตเชิงตำนาน,นามานุกรมและประเภทตัวละคร,เทวปกรณ์ อสูร และอมนุษย์,character,ramakien
เวที,สถานที่ที่ใช้สำหรับการแสดงหรือการจัดกิจกรรม,บริบทเชิงประวัติศาสตร์ ภูมิศาสตร์ และพื้นที่,พื้นที่ทางวัฒนธรรมและสถาบัน,สถานที่จัดแสดงและเขตพระราชฐาน,place,historical_spatial
รำพัด,การแสดงที่มีการใช้พัดเป็นอุปกรณ์ประกอบ,ศิลปะการแสดงและดนตรี,นาฏยศิลป์และการแสดง,กระบวนท่ารำและจารีตการแสดง,music,performing_arts
จุดไฟ,การสร้างเปลวไฟเพื่อใช้ในพิธีกรรมหรือการแสดง,พิธีกรรม ความเชื่อ และจารีตวัฒนธรรม,จารีตประเพณีและพิธีกรรม,พิธีการสำคัญและจารีตทางสังคม,ritual,ritual_belief
